origin,category,name,text,tooltip,shortcut,checkable,menu,source,new_location,tested
action-file,Animation,add_blank_frame,Create Blank Frame,Add blank frame,,false,,krita/krita.action,,
action-file,Animation,add_duplicate_frame,Create Duplicate Frame,Add duplicate frame,,false,,krita/krita.action,,
action-file,Animation,add_scalar_keyframes,Add scalar keyframes,Adds keyframe to control scalar property,,false,,krita/krita.action,,
action-file,Animation,auto_key,Auto Frame Mode,,,true,,krita/krita.action,,
action-file,Animation,clear_animation_cache,Clear Cache,Clear entire animation cache. Useful for debugging.,,false,,krita/krita.action,,
action-file,Animation,copy_columns_to_clipboard,Copy Columns,Copy columns to clipboard,,false,,krita/krita.action,,
action-file,Animation,copy_frames,Copy Keyframes,Copy frames to clipboard,,false,,krita/krita.action,,
action-file,Animation,copy_frames_as_clones,Clone Keyframes,Clone frames to clipboard,,false,,krita/krita.action,,
action-file,Animation,cut_columns_to_clipboard,Cut Columns,Cut columns to clipboard,,false,,krita/krita.action,,
action-file,Animation,cut_frames,Cut Keyframes,Cut frames to clipboard,,false,,krita/krita.action,,
action-file,Animation,drop_frames,Drop Frames,"Drop Frames, enable to preserve playback timing.",,true,,krita/krita.action,,
action-file,Animation,first_frame,First Frame,,,false,,krita/krita.action,,
action-file,Animation,insert_column_left,Insert Column Left,"Insert column to the left of selection, moving the tail of animation to the right",,false,,krita/krita.action,,
action-file,Animation,insert_column_right,Insert Column Right,"Insert column to the right of selection, moving the tail of animation to the right",,false,,krita/krita.action,,
action-file,Animation,insert_hold_column,Insert Hold Column,Insert a hold column into the frame at the current position,,false,,krita/krita.action,,
action-file,Animation,insert_hold_frame,Insert Hold Frame,Insert a hold frame after every keyframe,,false,,krita/krita.action,,
action-file,Animation,insert_keyframe_left,Insert Keyframe Left,"Insert keyframes to the left of selection, moving the tail of animation to the right.",,false,,krita/krita.action,,
action-file,Animation,insert_keyframe_right,Insert Keyframe Right,"Insert keyframes to the right of selection, moving the tail of animation to the right.",,false,,krita/krita.action,,
action-file,Animation,insert_multiple_columns,Insert Multiple Columns,Insert several columns based on user parameters.,,false,,krita/krita.action,,
action-file,Animation,insert_multiple_hold_columns,Insert Multiple Hold Columns,Insert N hold columns into the frame at the current position,,false,,krita/krita.action,,
action-file,Animation,insert_multiple_hold_frames,Insert Multiple Hold Frames,Insert N hold frames after every keyframe,,false,,krita/krita.action,,
action-file,Animation,insert_multiple_keyframes,Insert Multiple Keyframes,Insert several keyframes based on user parameters.,,false,,krita/krita.action,,
action-file,Animation,last_frame,Last Frame,,,false,,krita/krita.action,,
action-file,Animation,make_clones_unique,Make Unique,Convert clones to unique keyframe instances.,,false,,krita/krita.action,,
action-file,Animation,mirror_columns,Mirror Columns,Mirror columns' position,,false,,krita/krita.action,,
action-file,Animation,mirror_frames,Mirror Frames,Mirror frames' position,,false,,krita/krita.action,,
action-file,Animation,next_frame,Next Frame,Change time to next frame,,false,,krita/krita.action,,
action-file,Animation,next_keyframe,Next Keyframe,Change time to next keyframe,,false,,krita/krita.action,,
action-file,Animation,next_matching_keyframe,Next Matching Keyframe,Change time to next keyframe of the same color,,false,,krita/krita.action,,
action-file,Animation,next_unfiltered_keyframe,Next Unfiltered Keyframe,Change time to next keyframe that has visible onion skin,,false,,krita/krita.action,,
action-file,Animation,paste_columns_from_clipboard,Paste Columns,Paste columns from clipboard,,false,,krita/krita.action,,
action-file,Animation,paste_frames,Paste Keyframes,Paste frames from clipboard,,false,,krita/krita.action,,
action-file,Animation,pin_to_timeline,Pin to Timeline,"If checked, layer becomes pinned to the timeline, making it visible even when inactive.",,true,,krita/krita.action,,
action-file,Animation,previous_frame,Previous Frame,Change time to previous frame,,false,,krita/krita.action,,
action-file,Animation,previous_keyframe,Previous Keyframe,Change time to previous keyframe,,false,,krita/krita.action,,
action-file,Animation,previous_matching_keyframe,Previous Matching Keyframe,Change time to previous keyframe of the same color,,false,,krita/krita.action,,
action-file,Animation,previous_unfiltered_keyframe,Previous Unfiltered Keyframe,Change time to previous keyframe that has visible onion skin,,false,,krita/krita.action,,
action-file,Animation,remove_columns,Remove Column,Remove columns without moving anything around,,false,,krita/krita.action,,
action-file,Animation,remove_columns_and_pull,Remove Column and Pull,Remove columns moving the tail of animation to the left,,false,,krita/krita.action,,
action-file,Animation,remove_frames,Remove Keyframe,Remove keyframes without moving anything around,,false,,krita/krita.action,,
action-file,Animation,remove_frames_and_pull,Remove Frame and Pull,Remove keyframes moving the tail of animation to the left,,false,,krita/krita.action,,
action-file,Animation,remove_hold_column,Remove Hold Column,Remove a hold column from the frame at the current position,,false,,krita/krita.action,,
action-file,Animation,remove_hold_frame,Remove Hold Frame,Remove a hold frame after every keyframe,,false,,krita/krita.action,,
action-file,Animation,remove_multiple_hold_columns,Remove Multiple Hold Columns,Remove N hold columns from the frame at the current position,,false,,krita/krita.action,,
action-file,Animation,remove_multiple_hold_frames,Remove Multiple Hold Frames,Remove N hold frames after every keyframe,,false,,krita/krita.action,,
action-file,Animation,remove_scalar_keyframe,Remove scalar keyframe,Removes the selected scalar keyframe,,false,,krita/krita.action,,
action-file,Animation,set_end_time,Set End Time,,,false,,krita/krita.action,,
action-file,Animation,set_start_time,Set Start Time,,,false,,krita/krita.action,,
action-file,Animation,stop_playback,Stop animation,Stop animation,,false,,krita/krita.action,,
action-file,Animation,toggle_onion_skin,Toggle onion skin,Toggle onion skin,,false,,krita/krita.action,,
action-file,Animation,toggle_playback,Play / pause animation,Play / pause animation,,false,,krita/krita.action,,
action-file,Animation,update_playback_range,Update Playback Range,,,false,,krita/krita.action,,
action-file,Blending Modes,Next Blending Mode,Next Blending Mode,Next Blending Mode,Alt+Shift++,false,,krita/krita.action,,
action-file,Blending Modes,Previous Blending Mode,Previous Blending Mode,Previous Blending Mode,Alt+Shift+-,false,,krita/krita.action,,
action-file,Blending Modes,Select Behind Blending Mode,Select Behind Blending Mode,Select Behind Blending Mode,Alt+Shift+Q,false,,krita/krita.action,,
action-file,Blending Modes,Select Clear Blending Mode,Select Clear Blending Mode,Select Clear Blending Mode,Alt+Shift+R,false,,krita/krita.action,,
action-file,Blending Modes,Select Color Blending Mode,Select Color Blending Mode,Select Color Blending Mode,Alt+Shift+C,false,,krita/krita.action,,
action-file,Blending Modes,Select Color Burn Blending Mode,Select Color Burn Blending Mode,Select Color Burn Blending Mode,Alt+Shift+B,false,,krita/krita.action,,
action-file,Blending Modes,Select Color Dodge Blending Mode,Select Color Dodge Blending Mode,Select Color Dodge Blending Mode,Alt+Shift+D,false,,krita/krita.action,,
action-file,Blending Modes,Select Darken Blending Mode,Select Darken Blending Mode,Select Darken Blending Mode,Alt+Shift+K,false,,krita/krita.action,,
action-file,Blending Modes,Select Difference Blending Mode,Select Difference Blending Mode,Select Difference Blending Mode,Alt+Shift+E,false,,krita/krita.action,,
action-file,Blending Modes,Select Dissolve Blending Mode,Select Dissolve Blending Mode,Select Dissolve Blending Mode,Alt+Shift+I,false,,krita/krita.action,,
action-file,Blending Modes,Select Exclusion Blending Mode,Select Exclusion Blending Mode,Select Exclusion Blending Mode,Alt+Shift+X,false,,krita/krita.action,,
action-file,Blending Modes,Select Hard Light Blending Mode,Select Hard Light Blending Mode,Select Hard Light Blending Mode,Alt+Shift+H,false,,krita/krita.action,,
action-file,Blending Modes,Select Hard Mix Blending Mode,Select Hard Mix Blending Mode,Select Hard Mix Blending Mode,Alt+Shift+L,false,,krita/krita.action,,
action-file,Blending Modes,Select Hard Overlay Blending Mode,Select Hard Overlay Blending Mode,Select Hard Overlay Blending Mode,Alt+Shift+P,false,,krita/krita.action,,
action-file,Blending Modes,Select Hue Blending Mode,Select Hue Blending Mode,Select Hue Blending Mode,Alt+Shift+U,false,,krita/krita.action,,
action-file,Blending Modes,Select Lighten Blending Mode,Select Lighten Blending Mode,Select Lighten Blending Mode,Alt+Shift+G,false,,krita/krita.action,,
action-file,Blending Modes,Select Linear Burn Blending Mode,Select Linear Burn Blending Mode,Select Linear Burn Blending Mode,Alt+Shift+A,false,,krita/krita.action,,
action-file,Blending Modes,Select Linear Dodge Blending Mode,Select Linear Dodge Blending Mode,Select Linear Dodge Blending Mode,Alt+Shift+W,false,,krita/krita.action,,
action-file,Blending Modes,Select Linear Light Blending Mode,Select Linear Light Blending Mode,Select Linear Light Blending Mode,Alt+Shift+J,false,,krita/krita.action,,
action-file,Blending Modes,Select Luminosity Blending Mode,Select Luminosity Blending Mode,Select Luminosity Blending Mode,Alt+Shift+Y,false,,krita/krita.action,,
action-file,Blending Modes,Select Multiply Blending Mode,Select Multiply Blending Mode,Select Multiply Blending Mode,Alt+Shift+M,false,,krita/krita.action,,
action-file,Blending Modes,Select Normal Blending Mode,Select Normal Blending Mode,Select Normal Blending Mode,Alt+Shift+N,false,,krita/krita.action,,
action-file,Blending Modes,Select Overlay Blending Mode,Select Overlay Blending Mode,Select Overlay Blending Mode,Alt+Shift+O,false,,krita/krita.action,,
action-file,Blending Modes,Select Pin Light Blending Mode,Select Pin Light Blending Mode,Select Pin Light Blending Mode,Alt+Shift+Z,false,,krita/krita.action,,
action-file,Blending Modes,Select Saturation Blending Mode,Select Saturation Blending Mode,Select Saturation Blending Mode,Alt+Shift+T,false,,krita/krita.action,,
action-file,Blending Modes,Select Screen Blending Mode,Select Screen Blending Mode,Select Screen Blending Mode,Alt+Shift+S,false,,krita/krita.action,,
action-file,Blending Modes,Select Soft Light Blending Mode,Select Soft Light Blending Mode,Select Soft Light Blending Mode,Alt+Shift+F,false,,krita/krita.action,,
action-file,Blending Modes,Select Vivid Light Blending Mode,Select Vivid Light Blending Mode,Select Vivid Light Blending Mode,Alt+Shift+V,false,,krita/krita.action,,
action-file,Brushes and Stuff,brushslider1,Brush option slider 1,Brush option slider 1,,false,Toolbar: BrushesAndStuff,krita/kritamenu.action,,
action-file,Brushes and Stuff,brushslider2,Brush option slider 2,Brush option slider 2,,false,Toolbar: BrushesAndStuff,krita/kritamenu.action,,
action-file,Brushes and Stuff,brushslider3,Brush option slider 3,Brush option slider 3,,false,,krita/kritamenu.action,,
action-file,Brushes and Stuff,brushslider4,Brush option slider 4,Brush option slider 4,,false,,krita/kritamenu.action,,
action-file,Brushes and Stuff,brushslider5,Brush option slider 5,Brush option slider 5,,false,,krita/kritamenu.action,,
action-file,Brushes and Stuff,chooseBackgroundColor,Choose Background Color,Choose Background Color,,false,,krita/kritamenu.action,,
action-file,Brushes and Stuff,chooseForegroundColor,Choose Foreground Color,Choose Foreground Color,,false,,krita/kritamenu.action,,
action-file,Brushes and Stuff,dual,Color,Color,,false,Toolbar: BrushesAndStuff,krita/kritamenu.action,,
action-file,Brushes and Stuff,gradients,Gradients,Gradients,,false,Toolbar: BrushesAndStuff,krita/kritamenu.action,,
action-file,Brushes and Stuff,mirror_actions,Mirror,Mirror,,false,Toolbar: BrushesAndStuff,krita/kritamenu.action,,
action-file,Brushes and Stuff,patterns,Patterns,Patterns,,false,Toolbar: BrushesAndStuff,krita/kritamenu.action,,
action-file,Brushes and Stuff,select_layout,Layouts,Select layout,,false,Toolbar: BrushesAndStuff,krita/kritamenu.action,,
action-file,Brushes and Stuff,workspaces,Workspaces,Workspaces,,false,Toolbar: BrushesAndStuff,krita/kritamenu.action,,
action-file,Edit,clear,Clear,Clear,Backspace,false,Edit,krita/kritamenu.action,,
action-file,Edit,copy_layer_style,Copy Layer Style,Copy Layer Style from the Current Node,,false,Edit,krita/kritamenu.action,,
action-file,Edit,copy_merged,Copy merged,Copy merged,Ctrl+Shift+C,false,Edit,krita/kritamenu.action,,
action-file,Edit,copy_sharp,Copy (sharp),Copy (sharp),,false,Edit,krita/kritamenu.action,,
action-file,Edit,cut_sharp,Cut (sharp),Cut (sharp),,false,Edit,krita/kritamenu.action,,
action-file,Edit,delete_keyframe,Delete keyframe,Delete keyframe,,false,,krita/kritamenu.action,,
action-file,Edit,edit_copy,Copy,Copy selection to clipboard,Ctrl+C,false,Edit | Toolbar: Main Toolbar | Toolbar: mainToolBar,krita/kritamenu.action,,
action-file,Edit,edit_cut,Cut,Cut selection to clipboard,Ctrl+X,false,Edit | Toolbar: Main Toolbar | Toolbar: mainToolBar,krita/kritamenu.action,,
action-file,Edit,edit_paste,Paste,Paste clipboard content,Ctrl+V,false,Edit | Toolbar: Main Toolbar | Toolbar: mainToolBar,krita/kritamenu.action,,
action-file,Edit,edit_redo,Redo,Redo last undone action,Ctrl+Shift+Z,false,Edit | Toolbar: Main Toolbar | Toolbar: editToolBar | Toolbar: mainToolBar,krita/kritamenu.action,,
action-file,Edit,edit_undo,Undo,Undo last action,Ctrl+Z,false,Edit | Toolbar: Main Toolbar | Toolbar: editToolBar | Toolbar: mainToolBar,krita/kritamenu.action,,
action-file,Edit,fill_selection_background_color,Fill with Background Color,Fill with Background Color,Del,false,Edit,krita/kritamenu.action,,
action-file,Edit,fill_selection_foreground_color,Fill with Foreground Color,Fill with Foreground Color,Shift+Backspace,false,Edit,krita/kritamenu.action,,
action-file,Edit,fill_selection_pattern,Fill with Pattern,Fill with Pattern,,false,Edit,krita/kritamenu.action,,
action-file,Edit,paste_as_reference,Paste as Reference Image,Paste as Reference Image,Ctrl+Shift+R,false,Edit,krita/kritamenu.action,,
action-file,Edit,paste_at,Paste at Cursor,Paste at cursor,Ctrl+Alt+V,false,Edit,krita/kritamenu.action,,
action-file,Edit,paste_into,Paste into Active Layer,Paste into Active Layer,Ctrl+Shift+V,false,Edit,krita/kritamenu.action,,
action-file,Edit,paste_layer_style,Paste Layer Style,Paste Layer Style into the Current Node,,false,Edit,krita/kritamenu.action,,
action-file,Edit,paste_new,Paste into New Image,Paste into New Image,Ctrl+Shift+N,false,Edit,krita/kritamenu.action,,
action-file,Edit,paste_shape_style,Paste Shape Style,Paste Shape Style,,false,Edit,krita/kritamenu.action,,
action-file,Edit,stroke_selection,Stroke Selection...,Stroke selection,,false,Edit,krita/kritamenu.action,,
action-file,Edit,stroke_shapes,Stroke selected shapes,Stroke selected shapes,,false,Edit,krita/kritamenu.action,,
action-file,File,create_copy,Create Copy From Current Image,Create Copy From Current Image,,false,File,krita/kritamenu.action,,
action-file,File,create_template,Create Template From Image...,Create Template From Image,,false,File,krita/kritamenu.action,,
action-file,File,file_close,Close,Close,Ctrl+W,false,File,krita/kritamenu.action,,
action-file,File,file_close_all,Close All,Close All,Ctrl+Shift+W,false,File,krita/kritamenu.action,,
action-file,File,file_documentinfo,Document Information,Document Information,,false,File,krita/kritamenu.action,,
action-file,File,file_export_advanced,Export Advanced...,Advanced Export,,false,File,krita/kritamenu.action,,
action-file,File,file_export_file,Export...,Export,,false,File,krita/kritamenu.action,,
action-file,File,file_import_animation,Import animation frames...,Import animation frames,,false,File,krita/kritamenu.action,,
action-file,File,file_import_file,Open existing Document as Untitled Document...,Open existing Document as Untitled Document,,false,File,krita/kritamenu.action,,
action-file,File,file_import_video_animation,Import video animation...,Import video animation,,false,File,krita/kritamenu.action,,
action-file,File,file_new,New...,Create new document,Ctrl+N,false,File | Toolbar: Main Toolbar | Toolbar: mainToolBar,krita/kritamenu.action,,
action-file,File,file_open,Open...,Open an existing document,Ctrl+O,false,File | Toolbar: Main Toolbar | Toolbar: mainToolBar,krita/kritamenu.action,,
action-file,File,file_open_recent,Open Recent,Open a document which was recently opened,,false,File,krita/kritamenu.action,,
action-file,File,file_quit,Quit,Quit application,Ctrl+Q,false,File,krita/kritamenu.action,,
action-file,File,file_save,Save,Save,Ctrl+S,false,File | Toolbar: Main Toolbar | Toolbar: mainToolBar,krita/kritamenu.action,,
action-file,File,file_save_as,Save As...,Save document under a new name,Ctrl+Shift+S,false,File,krita/kritamenu.action,,
action-file,File,file_sessions,Sessions...,Open session manager,,false,File,krita/kritamenu.action,,
action-file,File,render_animation,Render Animation...,"Render Animation to GIF, Image Sequence or Video",,false,File,krita/kritamenu.action,,
action-file,File,render_animation_again,Render Animation Again,Render Animation Again,,false,,krita/kritamenu.action,,
action-file,File,save_incremental_backup,Save Incremental Backup,Save Incremental Backup,F4,false,File,krita/kritamenu.action,,
action-file,File,save_incremental_version,Save Incremental Version,Save Incremental Version,Ctrl+Alt+S,false,File,krita/kritamenu.action,,
action-file,Filter,QMic,Start G'MIC-Qt,Start G'Mic-Qt,,false,Filter,krita/kritamenu.action,,
action-file,Filter,QMicAgain,Re-apply the last G'MIC filter,Apply the last G'Mic-Qt action again,,false,Filter,krita/kritamenu.action,,
action-file,Filter,adjust_filters,Adjust,Adjust,,false,Filter,krita/kritamenu.action,,
action-file,Filter,artistic_filters,Artistic,Artistic,,false,Filter,krita/kritamenu.action,,
action-file,Filter,blur_filters,Blur,Blur,,false,Filter,krita/kritamenu.action,,
action-file,Filter,color_filters,Colors,Colors,,false,Filter,krita/kritamenu.action,,
action-file,Filter,edge_filters,Edge Detection,Edge Detection,,false,Filter,krita/kritamenu.action,,
action-file,Filter,emboss_filters,Emboss,Emboss,,false,Filter,krita/kritamenu.action,,
action-file,Filter,enhance_filters,Enhance,Enhance,,false,Filter,krita/kritamenu.action,,
action-file,Filter,filter_apply_again,Apply Filter Again,Apply Filter Again,Ctrl+F,false,Filter,krita/kritamenu.action,,
action-file,Filter,filter_apply_reprompt,Apply Filter Again (Reprompt),Reapply Last Used Filter with Prompt for Configuration,,false,Filter,krita/kritamenu.action,,
action-file,Filter,map_filters,Map,Map,,false,Filter,krita/kritamenu.action,,
action-file,Filter,other_filters,Other,Other,,false,Filter,krita/kritamenu.action,,
action-file,Filters,krita_filter_asc-cdl,"Slope, Offset, Power Filter","Slope, Offset, Power Filter",,false,,plugins/filters/asccdl/asccdl.action,,
action-file,Filters,krita_filter_autocontrast,Auto Contrast,Auto Contrast,,false,,krita/krita.action,,
action-file,Filters,krita_filter_blur,Blur...,Blur,,false,,krita/krita.action,,
action-file,Filters,krita_filter_bottom edge detections,Bottom Edge Detection,Bottom Edge Detection,,false,,krita/krita.action,,
action-file,Filters,krita_filter_burn,Burn,Burn,,false,,krita/krita.action,,
action-file,Filters,krita_filter_colorbalance,Color Balance...,Color Balance,Ctrl+B,false,,krita/krita.action,,
action-file,Filters,krita_filter_colortoalpha,Color to Alpha...,Color to Alpha,,false,,krita/krita.action,,
action-file,Filters,krita_filter_colortransfer,Color Transfer...,Color Transfer,,false,,krita/krita.action,,
action-file,Filters,krita_filter_crosschannel,Cross-channel adjustment Filter,Cross-channel adjustment Filter,,false,,plugins/filters/colorsfilters/colorsfilters.action,,
action-file,Filters,krita_filter_desaturate,Desaturate,Desaturate,Ctrl+Shift+U,false,,krita/krita.action,,
action-file,Filters,krita_filter_dodge,Dodge,Dodge,,false,,krita/krita.action,,
action-file,Filters,krita_filter_emboss,Emboss with Variable Depth...,Emboss with Variable Depth,,false,,krita/krita.action,,
action-file,Filters,krita_filter_emboss all directions,Emboss in All Directions,Emboss in All Directions,,false,,krita/krita.action,,
action-file,Filters,krita_filter_emboss horizontal and vertical,Emboss Horizontal Vertical,Emboss Horizontal Vertical,,false,,krita/krita.action,,
action-file,Filters,krita_filter_emboss horizontal only,Emboss Horizontal Only,Emboss Horizontal Only,,false,,krita/krita.action,,
action-file,Filters,krita_filter_emboss laplascian,Emboss (Laplacian),Emboss (Laplacian),,false,,krita/krita.action,,
action-file,Filters,krita_filter_emboss vertical only,Emboss Vertical Only,Emboss Vertical Only,,false,,krita/krita.action,,
action-file,Filters,krita_filter_gaussian blur,Gaussian Blur...,Gaussian Blur,,false,,krita/krita.action,,
action-file,Filters,krita_filter_gaussianhighpass,Gaussian High Pass Filter,Gaussian High Pass Filter,,false,,plugins/filters/gaussianhighpass/gaussianhighpass.action,,
action-file,Filters,krita_filter_gaussiannoisereducer,Gaussian Noise Reduction...,Gaussian Noise Reduction,,false,,krita/krita.action,,
action-file,Filters,krita_filter_gradientmap,gradientmap Filter,Gradient Map Filter,,false,,plugins/filters/gradientmap/gradientmap.action,,
action-file,Filters,krita_filter_halftone,Halftone Filter,Halftone Filter,,false,,plugins/filters/halftone/halftone.action,,
action-file,Filters,krita_filter_height to normal,Height to Normal Map Filter,Height to Normal Map Filter,,false,,plugins/filters/convertheightnormalmap/convertheightnormalmap.action,,
action-file,Filters,krita_filter_hsvadjustment,HSV Adjustment...,HSV Adjustment,Ctrl+U,false,,krita/krita.action,,
action-file,Filters,krita_filter_indexcolors,Index Colors...,Index Colors,,false,,krita/krita.action,,
action-file,Filters,krita_filter_invert,Invert,Invert,Ctrl+I,false,,krita/krita.action,,
action-file,Filters,krita_filter_left edge detections,Left Edge Detection,Left Edge Detection,,false,,krita/krita.action,,
action-file,Filters,krita_filter_lens blur,Lens Blur...,Lens Blur,,false,,krita/krita.action,,
action-file,Filters,krita_filter_levels,Levels...,Levels,Ctrl+L,false,,krita/krita.action,,
action-file,Filters,krita_filter_maximize,Maximize Channel,Maximize Channel,,false,,krita/krita.action,,
action-file,Filters,krita_filter_mean removal,Mean Removal,Mean Removal,,false,,krita/krita.action,,
action-file,Filters,krita_filter_minimize,Minimize Channel,Minimize Channel,,false,,krita/krita.action,,
action-file,Filters,krita_filter_motion blur,Motion Blur...,Motion Blur,,false,,krita/krita.action,,
action-file,Filters,krita_filter_noise,Random Noise...,Random Noise,,false,,krita/krita.action,,
action-file,Filters,krita_filter_normalize,Normalize Filter,Normalize Filter,,false,,plugins/filters/normalize/normalize.action,,
action-file,Filters,krita_filter_oilpaint,Oilpaint...,Oilpaint,,false,,krita/krita.action,,
action-file,Filters,krita_filter_palettize,Palettize Filter,Palettize Filter,,false,,plugins/filters/palettize/palettize.action,,
action-file,Filters,krita_filter_perchannel,Color Adjustment curves...,Color Adjustment curves,Ctrl+M,false,,krita/krita.action,,
action-file,Filters,krita_filter_phongbumpmap,Phong Bumpmap...,Phong Bumpmap,,false,,krita/krita.action,,
action-file,Filters,krita_filter_pixelize,Pixelize...,Pixelize,,false,,krita/krita.action,,
action-file,Filters,krita_filter_posterize,Posterize...,Posterize,,false,,krita/krita.action,,
action-file,Filters,krita_filter_propagatecolors,Propagate Colors Filter,Propagate Colors Filter,,false,,plugins/filters/propagatecolors/propagatecolors.action,,
action-file,Filters,krita_filter_raindrops,Raindrops...,Raindrops,,false,,krita/krita.action,,
action-file,Filters,krita_filter_randompick,Random Pick...,Random Pick,,false,,krita/krita.action,,
action-file,Filters,krita_filter_right edge detections,Right Edge Detection,Right Edge Detection,,false,,krita/krita.action,,
action-file,Filters,krita_filter_roundcorners,Round Corners...,Round Corners,,false,,krita/krita.action,,
action-file,Filters,krita_filter_sharpen,Sharpen,Sharpen,,false,,krita/krita.action,,
action-file,Filters,krita_filter_smalltiles,Small Tiles...,Small Tiles,,false,,krita/krita.action,,
action-file,Filters,krita_filter_sobel,Sobel...,Sobel,,false,,krita/krita.action,,
action-file,Filters,krita_filter_threshold,Threshold Filter,Threshold Filter,,false,,plugins/filters/threshold/threshold.action,,
action-file,Filters,krita_filter_top edge detections,Top Edge Detection,Top Edge Detection,,false,,krita/krita.action,,
action-file,Filters,krita_filter_unsharp,Unsharp Mask...,Unsharp Mask,,false,,krita/krita.action,,
action-file,Filters,krita_filter_wave,Wave...,Wave,,false,,krita/krita.action,,
action-file,Filters,krita_filter_waveletnoisereducer,Wavelet Noise Reducer...,Wavelet Noise Reducer,,false,,krita/krita.action,,
action-file,General,buginfo,Show Krita log for bug reports.,Show Krita log for bug reports.,,false,Help,krita/krita.action,,
action-file,General,color_management_report,Show color management information,Show color management information for the surface of the current image,,false,Help,krita/krita.action,,
action-file,General,command_bar_open,Search Actions,Open the command bar to search through actions.,Ctrl+Return,false,,krita/krita.action,,
action-file,General,crashlog,Show crash log for bug reports.,Show crash log for bug reports.,,false,Help,krita/krita.action,,
action-file,General,create_bundle,Create Resource Bundle...,Create Resource Bundle,,false,,krita/krita.action,,
action-file,General,create_snapshot,Create Snapshot,Create Snapshot,,false,,krita/krita.action,,
action-file,General,docker_box,Show Docker Box,Show Docker Box,,false,,krita/krita.action,,
action-file,General,invert_selection,Invert Selection,Invert current selection,Ctrl+Shift+I,false,Select,krita/krita.action,,
action-file,General,lock_toolbars,Lock Toolbars,Lock Toolbars,,true,Settings,krita/krita.action,,
action-file,General,logcatdump,Show Android log for bug reports.,Show Android log for bug reports.,,false,Help,krita/krita.action,,
action-file,General,mainToolBar,Show File Toolbar,Show File Toolbar,,false,,krita/krita.action,,
action-file,General,open_resources_directory,Open Resources Folder,Opens a file browser at the location Krita saves resources such as brushes to.,,false,,krita/krita.action,,
action-file,General,remove_snapshot,Remove Selected Snapshot,Remove Selected Snapshot,,false,,krita/krita.action,,
action-file,General,rename_composition,Rename Composition...,Rename Composition,,false,,krita/krita.action,,
action-file,General,ruler_pixel_multiple2,Use multiple of 2 for pixel scale,Use multiple of 2 for pixel scale,,true,,krita/krita.action,,
action-file,General,sample_screen_color,Sample Screen Color,Sample a color from the screen,,false,Edit,krita/krita.action,,
action-file,General,sample_screen_color_real_canvas,Sample Screen Color (Sample Real Canvas),Sample a color from the screen while sampling a real color from the canvas if the cursor is over it,,false,Edit,krita/krita.action,,
action-file,General,show_brush_editor,Show Brush Editor,Show Brush Editor,F5,true,,krita/krita.action,,
action-file,General,show_brush_presets,Show Brush Presets,Show Brush Presets,F6,false,,krita/krita.action,,
action-file,General,show_color_history,Show color history,Show color history,H,false,,krita/krita.action,,
action-file,General,show_color_selector,Show color selector,Show color selector,Shift+I,false,,krita/krita.action,,
action-file,General,show_common_colors,Show common colors,Show common colors,U,false,,krita/krita.action,,
action-file,General,show_minimal_shade_selector,Show minimal shade selector,Show minimal shade selector,Shift+N,false,,krita/krita.action,,
action-file,General,show_mypaint_shade_selector,Show MyPaint shade selector,Show MyPaint shade selector,Shift+M,false,,krita/krita.action,,
action-file,General,show_tool_options,Show Tool Options,Show Tool Options,\,false,,krita/krita.action,,
action-file,General,switchto_snapshot,Switch to Selected Snapshot,Switch to selected snapshot,,false,,krita/krita.action,,
action-file,General,sysinfo,Show system information for bug reports.,Show system information for bug reports.,,false,Help,krita/krita.action,,
action-file,General,tablet_debugger,Toggle Tablet Debugger,Toggle Tablet Debugger,Ctrl+Shift+T,false,,krita/krita.action,,
action-file,General,update_composition,Update Composition,Update Composition,,false,,krita/krita.action,,
action-file,General,windows_cascade,Cascade,Cascade,,false,,krita/krita.action,,
action-file,General,windows_tile,Tile,Tile,,false,,krita/krita.action,,
action-file,Help,help_about_app,About Krita,About Krita,,false,Help,krita/kritamenu.action,,
action-file,Help,help_about_kde,About KDE,About KDE,,false,Help,krita/kritamenu.action,,
action-file,Help,help_contents,Krita Handbook,Krita Handbook,F1,false,Help,krita/kritamenu.action,,
action-file,Help,help_report_bug,Report Bug...,Report Bug,,false,Help,krita/kritamenu.action,,
action-file,Image,canvassize,Resize Canvas...,Resize Canvas,Ctrl+Alt+C,false,Image,krita/kritamenu.action,,
action-file,Image,image_color,Image Background Color and Transparency...,Change the background color of the image,,false,Image,krita/kritamenu.action,,
action-file,Image,image_properties,Properties...,Properties,,false,Image,krita/kritamenu.action,,
action-file,Image,imagecolorspaceconversion,Convert Image Color Space...,Convert Image Color Space,,false,Image,krita/kritamenu.action,,
action-file,Image,imagesize,Scale Image To New Size...,Scale Image To New Size,Ctrl+Alt+I,false,Image,krita/kritamenu.action,,
action-file,Image,imagesplit,Image Split,Image Split,,false,Image,krita/kritamenu.action,,
action-file,Image,mirrorImageHorizontal,Mirror Image Horizontally,Mirror Image Horizontally,,false,Image | Image > Rotate,krita/kritamenu.action,,
action-file,Image,mirrorImageVertical,Mirror Image Vertically,Mirror Image Vertically,,false,Image | Image > Rotate,krita/kritamenu.action,,
action-file,Image,offsetimage,Offset Image...,Offset Image,,false,Image,krita/kritamenu.action,,
action-file,Image,purge_unused_image_data,Purge Unused Image Data,Removes all fully transparent pixels from the image storage,,false,Image,krita/kritamenu.action,,
action-file,Image,resizeimagetolayer,Trim to Current Layer,Trim to Current Layer,,false,Image,krita/kritamenu.action,,
action-file,Image,resizeimagetoselection,Trim to Selection,Trim to Selection,,false,Image,krita/kritamenu.action,,
action-file,Image,rotateImage180,Rotate Image 180°,Rotate Image 180°,,false,Image > Rotate,krita/kritamenu.action,,
action-file,Image,rotateImageCCW90,Rotate Image 90° to the Left,Rotate Image 90° to the Left,,false,Image > Rotate,krita/kritamenu.action,,
action-file,Image,rotateImageCW90,Rotate Image 90° to the Right,Rotate Image 90° to the Right,,false,Image > Rotate,krita/kritamenu.action,,
action-file,Image,rotateimage,Rotate Image...,Rotate Image,,false,Image > Rotate,krita/kritamenu.action,,
action-file,Image,separate,Separate Image...,Separate Image,,false,Image,krita/kritamenu.action,,
action-file,Image,shearimage,Shear Image...,Shear Image,,false,Image,krita/kritamenu.action,,
action-file,Image,trim_to_image,Trim to Image Size,Trim to Image Size,,false,Image,krita/kritamenu.action,,
action-file,Interaction Tool,add_shape_to_flow_area,Flow Text in Shape,"Make the first selected text flow in shape. If there were already shapes it was flowing into, will add the shape to the chain.",,false,,krita/data/actions/InteractionTool.action,,
action-file,Interaction Tool,flow_shape_order_back,Set Flow Shape as Last,Make this flow shape the last in the text chain as used by text layout.,,false,,krita/data/actions/InteractionTool.action,,
action-file,Interaction Tool,flow_shape_order_earlier,Move Shape Earlier In Chain.,Move this shape earlier in the text chain.,,false,,krita/data/actions/InteractionTool.action,,
action-file,Interaction Tool,flow_shape_order_front,Set Shape As First In Chain,Make this flow shape the first in the text chain as used by text layout.,,false,,krita/data/actions/InteractionTool.action,,
action-file,Interaction Tool,flow_shape_order_later,Move Shape Later In Chain.,Move this shape later in the text chain.,,false,,krita/data/actions/InteractionTool.action,,
action-file,Interaction Tool,flow_shape_type_toggle,Toggle Flow Shape Type,Switch the current Flow Shape between Inside or Subtract mode,,false,,krita/data/actions/InteractionTool.action,,
action-file,Interaction Tool,object_align_horizontal_center,Horizontally Center,Horizontally Center,,false,,krita/data/actions/InteractionTool.action,,
action-file,Interaction Tool,object_align_horizontal_left,Align Left,Align Left,,false,,krita/data/actions/InteractionTool.action,,
action-file,Interaction Tool,object_align_horizontal_right,Align Right,Align Right,,false,,krita/data/actions/InteractionTool.action,,
action-file,Interaction Tool,object_align_vertical_bottom,Align Bottom,Align Bottom,,false,,krita/data/actions/InteractionTool.action,,
action-file,Interaction Tool,object_align_vertical_center,Vertically Center,Vertically Center,,false,,krita/data/actions/InteractionTool.action,,
action-file,Interaction Tool,object_align_vertical_top,Align Top,Align Top,,false,,krita/data/actions/InteractionTool.action,,
action-file,Interaction Tool,object_distribute_horizontal_center,Distribute Centers Horizontally,Distribute centers equidistantly horizontally,,false,,krita/data/actions/InteractionTool.action,,
action-file,Interaction Tool,object_distribute_horizontal_gaps,Distribute Horizontal Gap,Make horizontal gaps between objects equal,,false,,krita/data/actions/InteractionTool.action,,
action-file,Interaction Tool,object_distribute_horizontal_left,Distribute Left,Distribute left edges equidistantly,,false,,krita/data/actions/InteractionTool.action,,
action-file,Interaction Tool,object_distribute_horizontal_right,Distribute Right,Distribute right edges equidistantly,,false,,krita/data/actions/InteractionTool.action,,
action-file,Interaction Tool,object_distribute_vertical_bottom,Distribute Bottom,Distribute bottom edges equidistantly,,false,,krita/data/actions/InteractionTool.action,,
action-file,Interaction Tool,object_distribute_vertical_center,Distribute Centers Vertically,Distribute centers equidistantly vertically,,false,,krita/data/actions/InteractionTool.action,,
action-file,Interaction Tool,object_distribute_vertical_gaps,Distribute Vertical Gap,Make vertical gaps between objects equal,,false,,krita/data/actions/InteractionTool.action,,
action-file,Interaction Tool,object_distribute_vertical_top,Distribute Top,Distribute top edges equidistantly,,false,,krita/data/actions/InteractionTool.action,,
action-file,Interaction Tool,object_group,Group shapes,Create a shape group containing selected shapes,,false,,krita/data/actions/InteractionTool.action,,
action-file,Interaction Tool,object_intersect,Intersect,Create boolean intersection of multiple objects,,false,,krita/data/actions/InteractionTool.action,,
action-file,Interaction Tool,object_order_back,Send to Back,Send to Back,Ctrl+Shift+[,false,,krita/data/actions/InteractionTool.action,,
action-file,Interaction Tool,object_order_front,Bring to Front,Bring to Front,Ctrl+Shift+],false,,krita/data/actions/InteractionTool.action,,
action-file,Interaction Tool,object_order_lower,Lower,Lower,Ctrl+Alt+[,false,,krita/data/actions/InteractionTool.action,,
action-file,Interaction Tool,object_order_raise,Raise,Raise,Ctrl+Alt+],false,,krita/data/actions/InteractionTool.action,,
action-file,Interaction Tool,object_split,Split,Split objects with multiple subpaths into multiple objects,,false,,krita/data/actions/InteractionTool.action,,
action-file,Interaction Tool,object_subtract,Subtract,Subtract multiple objects from the first selected one,,false,,krita/data/actions/InteractionTool.action,,
action-file,Interaction Tool,object_transform_mirror_horizontally,Mirror Horizontally,Mirror object horizontally,,false,,krita/data/actions/InteractionTool.action,,
action-file,Interaction Tool,object_transform_mirror_vertically,Mirror Vertically,Mirror object vertically,,false,,krita/data/actions/InteractionTool.action,,
action-file,Interaction Tool,object_transform_reset,Reset Transformations,Reset object transformations,,false,,krita/data/actions/InteractionTool.action,,
action-file,Interaction Tool,object_transform_rotate_180,Rotate 180°,Rotate object 180°,,false,,krita/data/actions/InteractionTool.action,,
action-file,Interaction Tool,object_transform_rotate_90_ccw,Rotate 90° CCW,Rotate object 90° counterclockwise,,false,,krita/data/actions/InteractionTool.action,,
action-file,Interaction Tool,object_transform_rotate_90_cw,Rotate 90° CW,Rotate object 90° clockwise,,false,,krita/data/actions/InteractionTool.action,,
action-file,Interaction Tool,object_ungroup,Ungroup shapes,Remove the selected shape group,,false,,krita/data/actions/InteractionTool.action,,
action-file,Interaction Tool,object_unite,Unite,Create boolean union of multiple objects,,false,,krita/data/actions/InteractionTool.action,,
action-file,Interaction Tool,put_text_on_path,Put Text On Path,Make the first selected text flow onto the first selected path.,,false,,krita/data/actions/InteractionTool.action,,
action-file,Interaction Tool,remove_shapes_from_text_flow,Remove Shapes from Text Chain,Remove shapes from text chain and add them to the layer.,,false,,krita/data/actions/InteractionTool.action,,
action-file,Interaction Tool,subtract_shape_from_flow_area,Subtract Shape from Text Chain,Make shapes part of the subtracted shape-areas of the first selected text.,,false,,krita/data/actions/InteractionTool.action,,
action-file,Interaction Tool,text_type_inline_wrap,Convert Text To Inline Wrapped,"Text wraps inside a fixed length, spaces and new lines are preserved. New lines are not removed.",,true,,krita/data/actions/InteractionTool.action,,
action-file,Interaction Tool,text_type_pre_positioned,Convert Text To Pre-positioned,Text uses SVG 1.1 character transforms to position each line. Spaces and new lines are collapsed. This is for backward compatibility with SVG 1.1.,,true,,krita/data/actions/InteractionTool.action,,
action-file,Interaction Tool,text_type_preformatted,Convert Text To Preformatted,The text will not wrap and preserves spaces and new lines. A line break is inserted so the lines from wrapping or positioning remain separated.,,true,,krita/data/actions/InteractionTool.action,,
action-file,Interface,change_interface_scale,Change Interface Scale...,Change Interface Scale,,false,Settings,krita/kritamenu_android.action,,
action-file,Layers,EditLayerMetaData,Edit metadata...,Edit metadata,,false,Layer,krita/krita.action,,
action-file,Layers,LayerGroupSwitcher/next,Move into next group,Move into next group,,false,,krita/krita.action,,
action-file,Layers,LayerGroupSwitcher/previous,Move into previous group,Move into previous group,,false,,krita/krita.action,,
action-file,Layers,RenameCurrentLayer,Rename current layer,Rename current layer,F2,false,,krita/krita.action,,
action-file,Layers,activateNextLayer,Activate next layer,Activate next layer,PgUp,false,,krita/krita.action,,
action-file,Layers,activateNextSiblingLayer,"Activate next sibling layer, skipping over groups.",Activate next sibling layer,,false,,krita/krita.action,,
action-file,Layers,activatePreviousLayer,Activate previous layer,Activate previous layer,PgDown,false,,krita/krita.action,,
action-file,Layers,activatePreviousSiblingLayer,"Activate previous sibling layer, skipping over groups.",Activate previous sibling layer,,false,,krita/krita.action,,
action-file,Layers,add_new_adjustment_layer,Add Filter Layer...,Add a new Filter Layer,,false,Layer > New,krita/krita.action,,
action-file,Layers,add_new_clone_layer,Add Clone Layer,Add a new Clone Layer,,false,Layer > New,krita/krita.action,,
action-file,Layers,add_new_colorize_mask,Add Colorize Mask,Add a new Colorize Mask,,false,Layer > New,krita/krita.action,,
action-file,Layers,add_new_fast_color_overlay_mask,Add Color Overlay Mask,Add a new Fast Color Overlay Filter Mask,,false,,krita/krita.action,,
action-file,Layers,add_new_file_layer,Add File Layer...,Add a new File Layer,,false,Layer > New,krita/krita.action,,
action-file,Layers,add_new_fill_layer,Add Fill Layer...,Add a new Fill Layer,,false,Layer > New,krita/krita.action,,
action-file,Layers,add_new_filter_mask,Add Filter Mask...,Add a new Filter Mask,,false,Layer > New,krita/krita.action,,
action-file,Layers,add_new_group_layer,Add Group Layer,Add a new Group Layer,,false,Layer > New,krita/krita.action,,
action-file,Layers,add_new_paint_layer,Add Paint Layer,Add a new Paint Layer,Insert,false,Layer > New,krita/krita.action,,
action-file,Layers,add_new_selection_mask,Add Local Selection,Add a new Local Selection,,false,Layer > New,krita/krita.action,,
action-file,Layers,add_new_shape_layer,Add Vector Layer,Add a new Vector Layer,Shift+Insert,false,Layer > New,krita/krita.action,,
action-file,Layers,add_new_transform_mask,Add Transform Mask,Add a new Transform Mask,,false,Layer > New,krita/krita.action,,
action-file,Layers,add_new_transparency_mask,Add Transparency Mask,Add a new Transparency Mask,,false,Layer > New,krita/krita.action,,
action-file,Layers,clones_array,Clones Array...,Clones Array,,false,Layer | Layer > Split,krita/krita.action,,
action-file,Layers,convert_group_to_animated,Convert Group to Animated Layer,Converts the child layers of a group into a single layer with multiple frames of animation,,false,Layer > Convert,krita/krita.action,,
action-file,Layers,convert_to_file_layer,Convert to File Layer...,Saves out the layers into a new image and then references that image.,,false,Layer > Convert,krita/krita.action,,
action-file,Layers,convert_to_filter_mask,Convert to Filter Mask...,to Filter Mask,,false,Layer > Convert,krita/krita.action,,
action-file,Layers,convert_to_paint_layer,Convert to Paint Layer,to Paint Layer,,false,Layer > Convert,krita/krita.action,,
action-file,Layers,convert_to_selection_mask,Convert to Selection Mask,to Selection Mask,,false,Layer > Convert,krita/krita.action,,
action-file,Layers,convert_to_transparency_mask,Convert to Transparency Mask,to Transparency Mask,,false,Layer > Convert,krita/krita.action,,
action-file,Layers,copy_layer_clipboard,Copy Layer,Copy layer to clipboard,,false,Layer,krita/krita.action,,
action-file,Layers,copy_selection_to_new_layer,Copy Selection to New Layer,Copy Selection to New Layer,Ctrl+Alt+J,false,Layer > New,krita/krita.action,,
action-file,Layers,create_quick_clipping_group,Quick Clipping Group,Group selected layers and add a layer with clipped alpha channel,Ctrl+Shift+G,false,Layer > Group,krita/krita.action,,
action-file,Layers,create_quick_group,Group layers,Create a group layer containing selected layers,Ctrl+G,false,Layer > Group,krita/krita.action,,
action-file,Layers,create_reference_image_from_active_layer,Reference Image from Layer,Reference Image from Layer,,false,,krita/krita.action,,
action-file,Layers,create_reference_image_from_visible_canvas,Reference Image from Visible,Reference Image from Visible,,false,,krita/krita.action,,
action-file,Layers,cut_layer_clipboard,Cut Layer,Cut layer to clipboard,,false,Layer,krita/krita.action,,
action-file,Layers,cut_selection_to_new_layer,Cut Selection to New Layer,Cut Selection to New Layer,Ctrl+Shift+J,false,Layer > New,krita/krita.action,,
action-file,Layers,duplicatelayer,Duplicate Layer or Mask,Duplicate Layer or Mask,Ctrl+J,false,Layer > New,krita/krita.action,,
action-file,Layers,flatten_image,Flatten image,Flatten image,Ctrl+Shift+E,false,Layer,krita/krita.action,,
action-file,Layers,flatten_layer,Flatten Layer,Flatten Layer,,false,Layer,krita/krita.action,,
action-file,Layers,force_palette_colors,Force Palette Colors,Force the color selector to only select colors in the currently selected palette.,,true,,krita/krita.action,,
action-file,Layers,histogram,Histogram...,Histogram,,false,Layer,krita/krita.action,,
action-file,Layers,import_layer_as_filter_mask,as Filter Mask...,as Filter Mask,,false,Layer > Import/Export > Import,krita/krita.action,,
action-file,Layers,import_layer_as_paint_layer,as Paint Layer...,as Paint Layer,,false,Layer > Import/Export > Import,krita/krita.action,,
action-file,Layers,import_layer_as_selection_mask,as Selection Mask...,as Selection Mask,,false,Layer > Import/Export > Import,krita/krita.action,,
action-file,Layers,import_layer_as_transparency_mask,as Transparency Mask...,as Transparency Mask,,false,Layer > Import/Export > Import,krita/krita.action,,
action-file,Layers,import_layer_from_file,Import Layer...,Import Layer,,false,Layer > Import/Export,krita/krita.action,,
action-file,Layers,isolate_active_group,Isolate Active Group,Isolate Active Group,,true,,krita/krita.action,,
action-file,Layers,isolate_active_layer,Isolate Active Layer,Isolate Active Layer,,true,,krita/krita.action,,
action-file,Layers,layer_properties,Properties...,Properties,F3,false,,krita/krita.action,,
action-file,Layers,layer_style,Layer Style...,Layer Style,,false,Layer,krita/krita.action,,
action-file,Layers,layercolorspaceconversion,Convert Layer Color Space...,Convert Layer Color Space,,false,Layer | Layer > Convert,krita/krita.action,,
action-file,Layers,layersize,Scale Layers to new Size...,Scale Layers to new Size,,false,Layer | Layer > Transform,krita/krita.action,,
action-file,Layers,layersplit,Split Layer...,Split Layer,,false,Layer | Layer > Split,krita/krita.action,,
action-file,Layers,merge_layer,Merge with Layer Below,Merge with Layer Below,Ctrl+E,false,Layer,krita/krita.action,,
action-file,Layers,mirrorAllNodesX,Mirror All Layers Horizontally,Mirror All Layers Horizontally,,false,Layer > Transform All Layers,krita/krita.action,,
action-file,Layers,mirrorAllNodesY,Mirror All Layers Vertically,Mirror All Layers Vertically,,false,Layer > Transform All Layers,krita/krita.action,,
action-file,Layers,mirrorNodeX,Mirror Layers Horizontally,Mirror Layers Horizontally,,false,Layer > Transform,krita/krita.action,,
action-file,Layers,mirrorNodeY,Mirror Layers Vertically,Mirror Layers Vertically,,false,Layer > Transform,krita/krita.action,,
action-file,Layers,move_layer_down,Move Layer or Mask Down,Move Layer or Mask Down,Ctrl+PgDown,false,,krita/krita.action,,
action-file,Layers,move_layer_up,Move Layer or Mask Up,Move Layer or Mask Up,Ctrl+PgUp,false,,krita/krita.action,,
action-file,Layers,new_from_visible,New Layer From Visible,New layer from visible,,false,Layer > New,krita/krita.action,,
action-file,Layers,offsetlayer,Offset Layers...,Offset Layers,,false,Layer | Layer > Transform,krita/krita.action,,
action-file,Layers,paste_layer_from_clipboard,Paste Layer,Paste layer from clipboard,,false,Layer,krita/krita.action,,
action-file,Layers,quick_ungroup,Ungroup layers,Remove grouping of the layers or remove one layer out of the group,Ctrl+Alt+G,false,Layer > Group,krita/krita.action,,
action-file,Layers,remove_layer,Remove Layer,Remove Layer,Shift+Delete,false,,krita/krita.action,,
action-file,Layers,rotateAllLayers,Rotate All Layers...,Rotate All Layers,,false,Layer > Transform All Layers > Rotate,krita/krita.action,,
action-file,Layers,rotateAllLayers180,Rotate All Layers 180°,Rotate All Layers 180°,,false,Layer > Transform All Layers > Rotate,krita/krita.action,,
action-file,Layers,rotateAllLayersCCW90,Rotate All Layers 90° to the Left,Rotate All Layers 90° to the Left,,false,Layer > Transform All Layers > Rotate,krita/krita.action,,
action-file,Layers,rotateAllLayersCW90,Rotate All Layers 90° to the Right,Rotate All Layers 90° to the Right,,false,Layer > Transform All Layers > Rotate,krita/krita.action,,
action-file,Layers,rotateLayer180,Rotate Layers 180°,Rotate Layers 180°,,false,Layer > Rotate | Layer > Transform > Rotate,krita/krita.action,,
action-file,Layers,rotateLayerCCW90,Rotate Layers 90° to the Left,Rotate Layers 90° to the Left,,false,Layer > Rotate | Layer > Transform > Rotate,krita/krita.action,,
action-file,Layers,rotateLayerCW90,Rotate Layers 90° to the Right,Rotate Layers 90° to the Right,,false,Layer > Rotate | Layer > Transform > Rotate,krita/krita.action,,
action-file,Layers,rotatelayer,Rotate Layers...,Rotate Layers,,false,Layer > Rotate | Layer > Transform > Rotate,krita/krita.action,,
action-file,Layers,save_groups_as_images,Save Group Layers...,Save Group Layers,,false,Layer > Import/Export,krita/krita.action,,
action-file,Layers,save_node_as_image,Save Layer/Mask...,Save Layer/Mask,,false,Layer > Import/Export,krita/krita.action,,
action-file,Layers,save_vector_node_to_svg,Save Vector Layer as SVG...,Save Vector Layer as SVG,,false,Layer > Import/Export,krita/krita.action,,
action-file,Layers,scaleAllLayers,Scale All Layers to new Size...,Scale All Layers to new Size,,false,Layer > Transform All Layers,krita/krita.action,,
action-file,Layers,select_all_layers,All Layers,Select all layers,,false,Layer > Select,krita/krita.action,,
action-file,Layers,select_invisible_layers,Invisible Layers,Select all invisible layers,,false,Layer > Select,krita/krita.action,,
action-file,Layers,select_locked_layers,Locked Layers,Select all locked layers,,false,Layer > Select,krita/krita.action,,
action-file,Layers,select_unlocked_layers,Unlocked Layers,Select all unlocked layers,,false,Layer > Select,krita/krita.action,,
action-file,Layers,select_visible_layers,Visible Layers,Select all visible layers,,false,Layer > Select,krita/krita.action,,
action-file,Layers,set-copy-from,Set Copy From...,Set the source for the selected clone layers,,false,,krita/krita.action,,
action-file,Layers,shearAllLayers,Shear All Layers...,Shear All Layers,,false,Layer > Transform All Layers,krita/krita.action,,
action-file,Layers,shearlayer,Shear Layers...,Shear Layers,,false,Layer | Layer > Transform,krita/krita.action,,
action-file,Layers,split_alpha_into_mask,Alpha into Mask,Alpha into Mask,,false,Layer > Split > Split Alpha,krita/krita.action,,
action-file,Layers,split_alpha_save_merged,Save Merged...,Save Merged,,false,Layer > Split > Split Alpha,krita/krita.action,,
action-file,Layers,split_alpha_write,Write as Alpha,Write as Alpha,,false,Layer > Split > Split Alpha,krita/krita.action,,
action-file,Layers,switchToPreviouslyActiveNode,Activate previously selected layer,Activate previously selected layer,;,false,,krita/krita.action,,
action-file,Layers,toggle_layer_alpha_lock,Toggle layer alpha,Toggle layer alpha,,false,,krita/krita.action,,
action-file,Layers,toggle_layer_inherit_alpha,Toggle layer alpha inheritance,Toggle layer alpha inheritance,,false,,krita/krita.action,,
action-file,Layers,toggle_layer_lock,Toggle layer lock,Toggle layer lock,,false,,krita/krita.action,,
action-file,Layers,toggle_layer_soloing,Toggle Layer Soloing,"Toggle layer soloing, temporarily disabling visibility of all non-child layers.",,false,,krita/krita.action,,
action-file,Layers,toggle_layer_visibility,Toggle layer visibility,Toggle layer visibility,,false,,krita/krita.action,,
action-file,Layers,unifylayerscolorspace,Unify Layers Color Space,Convert all the layers into the image color space (if they happen to have a different color space),,false,,krita/krita.action,,
action-file,Layers,waveletdecompose,Wavelet Decompose ...,Wavelet Decompose,,false,Image | Layer,krita/krita.action,,
action-file,Management,manage_donations,Manage Supporter Benefits...,Manage Supporter Benefits,,false,Settings,krita/kritamenu_android.action,,
action-file,Management,manage_subscriptions,Manage Subscriptions...,Manage Subscriptions,,false,Settings,krita/kritamenu_android.action,,
action-file,Mutator,mutate,Mutate,,ctrl+alt+shift+m,false,,plugins/python/mutator/mutator.action,,
action-file,Painting,BrushesAndStuff,Hide Brushes and Stuff Toolbar,Hide Brushes and Stuff Toolbar,,true,,krita/krita.action,,
action-file,Painting,brush_select_preset_action,Select brush preset,"Select brush preset, along with the freehand brush tool",,true,,krita/krita.action,,
action-file,Painting,convert_selection_to_shape,Convert to Shape,Convert to Shape,,false,Select,krita/krita.action,,
action-file,Painting,decrease_brush_size,Decrease Brush Size,Decrease Brush Size,[,false,,krita/krita.action,,
action-file,Painting,decrease_fade,Decrease Fade,Decrease brush Fade,,false,,krita/krita.action,,
action-file,Painting,decrease_flow,Decrease Flow,Decrease brush Flow,,false,,krita/krita.action,,
action-file,Painting,decrease_opacity,Decrease Opacity,Decrease brush Opacity,I,false,,krita/krita.action,,
action-file,Painting,decrease_scatter,Decrease Scatter,Decrease brush Scatter strength,,false,,krita/krita.action,,
action-file,Painting,disable_pressure,Use Pen Pressure,Use Pen Pressure,,true,,krita/krita.action,,
action-file,Painting,erase_action,Set eraser mode,Set eraser mode,E,true,,krita/krita.action,,
action-file,Painting,eraser_preset_action,Toggle eraser preset,Toggle eraser preset,,true,,krita/krita.action,,
action-file,Painting,eraser_select_preset_action,Select eraser preset,"Select eraser preset, along with the freehand brush tool",,true,,krita/krita.action,,
action-file,Painting,fill_selection_background_color_opacity,Fill with Background Color (Opacity),Fill with Background Color (Opacity),Ctrl+Backspace,false,Edit > Fill Special,krita/krita.action;krita/kritamenu.action,,
action-file,Painting,fill_selection_foreground_color_opacity,Fill with Foreground Color (Opacity),Fill with Foreground Color (Opacity),Ctrl+Shift+Backspace,false,Edit > Fill Special,krita/krita.action;krita/kritamenu.action,,
action-file,Painting,fill_selection_pattern_opacity,Fill with Pattern (Opacity),Fill with Pattern (Opacity),,false,Edit > Fill Special,krita/krita.action;krita/kritamenu.action,,
action-file,Painting,hmirror_action,Horizontal Mirror Tool,Horizontal Mirror Tool,,true,,krita/krita.action,,
action-file,Painting,increase_brush_size,Increase Brush Size,Increase Brush Size,],false,,krita/krita.action,,
action-file,Painting,increase_fade,Increase Fade,Increase brush Fade,,false,,krita/krita.action,,
action-file,Painting,increase_flow,Increase Flow,Increase brush Flow,,false,,krita/krita.action,,
action-file,Painting,increase_opacity,Increase Opacity,Increase brush Opacity,O,false,,krita/krita.action,,
action-file,Painting,increase_scatter,Increase Scatter,Increase brush Scatter strength,,false,,krita/krita.action,,
action-file,Painting,make_brush_color_bluer,Make brush color more blue,Make brush color more blue,,false,,krita/krita.action,,
action-file,Painting,make_brush_color_darker,Make brush color darker,Make brush color darker,K,false,,krita/krita.action,,
action-file,Painting,make_brush_color_desaturated,Make brush color more desaturated,Make brush color more desaturated,,false,,krita/krita.action,,
action-file,Painting,make_brush_color_greener,Make brush color more green,Make brush color more green,,false,,krita/krita.action,,
action-file,Painting,make_brush_color_lighter,Make brush color lighter,Make brush color lighter,L,false,,krita/krita.action,,
action-file,Painting,make_brush_color_redder,Make brush color more red,Make brush color more red,,false,,krita/krita.action,,
action-file,Painting,make_brush_color_saturated,Make brush color more saturated,Make brush color more saturated,,false,,krita/krita.action,,
action-file,Painting,make_brush_color_yellower,Make brush color more yellow,Make brush color more yellow,,false,,krita/krita.action,,
action-file,Painting,mirrorX-hideDecorations,Hide Mirror X Line,Hide Mirror X Line,,true,,krita/krita.action,,
action-file,Painting,mirrorX-lock,Lock X Line,Lock X Line,,true,,krita/krita.action,,
action-file,Painting,mirrorX-moveToCenter,Move to Canvas Center X,Move to Canvas Center X,,false,,krita/krita.action,,
action-file,Painting,mirrorY-hideDecorations,Hide Mirror Y Line,Hide Mirror Y Line,,true,,krita/krita.action,,
action-file,Painting,mirrorY-lock,Lock Y Line,Lock Y Line,,true,,krita/krita.action,,
action-file,Painting,mirrorY-moveToCenter,Move to Canvas Center Y,Move to Canvas Center Y,,false,,krita/krita.action,,
action-file,Painting,next_favorite_preset,Next Favourite Preset,Next Favourite Preset,",",false,,krita/krita.action,,
action-file,Painting,preserve_alpha,Preserve Alpha,Preserve Alpha,,true,,krita/krita.action,,
action-file,Painting,previous_favorite_preset,Previous Favourite Preset,Previous Favourite Preset,.,false,,krita/krita.action,,
action-file,Painting,previous_preset,Switch to Previous Preset,Switch to Previous Preset,/,false,,krita/krita.action,,
action-file,Painting,reload_preset_action,Reload Original Preset,Reload Original Preset,,false,,krita/krita.action,,
action-file,Painting,reset_fg_bg,Set Foreground and Background Colors to Black and White,Set foreground and background colors to black and white,D,false,,krita/krita.action,,
action-file,Painting,rotate_brush_tip_clockwise,Rotate brush tip clockwise,Rotate brush tip clockwise,,false,,krita/krita.action,,
action-file,Painting,rotate_brush_tip_clockwise_precise,Rotate brush tip clockwise (precise),Rotate brush tip clockwise (precise),,false,,krita/krita.action,,
action-file,Painting,rotate_brush_tip_counter_clockwise,Rotate brush tip counter-clockwise,Rotate brush tip counter-clockwise,,false,,krita/krita.action,,
action-file,Painting,rotate_brush_tip_counter_clockwise_precise,Rotate brush tip counter-clockwise (precise),Rotate brush tip counter-clockwise (precise),,false,,krita/krita.action,,
action-file,Painting,selection_tool_mode_add,Selection Mode: Add,Selection Mode: Add,,false,,krita/krita.action,,
action-file,Painting,selection_tool_mode_intersect,Selection Mode: Intersect,Selection Mode: Intersect,,false,,krita/krita.action,,
action-file,Painting,selection_tool_mode_replace,Selection Mode: Replace,Selection Mode: Replace,,false,,krita/krita.action,,
action-file,Painting,selection_tool_mode_subtract,Selection Mode: Subtract,Selection Mode: Subtract,,false,,krita/krita.action,,
action-file,Painting,set_no_brush_smoothing,Brush Smoothing: Disabled,Brush Smoothing: Disabled,,false,,krita/krita.action,,
action-file,Painting,set_pixel_perfect_smoothing,Brush Smoothing: Pixel,Brush Smoothing: Pixel,,false,,krita/krita.action,,
action-file,Painting,set_simple_brush_smoothing,Brush Smoothing: Basic,Brush Smoothing: Basic,,false,,krita/krita.action,,
action-file,Painting,set_stabilizer_brush_smoothing,Brush Smoothing: Stabilizer,Brush Smoothing: Stabilizer,,false,,krita/krita.action,,
action-file,Painting,set_weighted_brush_smoothing,Brush Smoothing: Weighted,Brush Smoothing: Weighted,,false,,krita/krita.action,,
action-file,Painting,shift_brush_color_clockwise,Shift brush color hue clockwise,Shift brush color hue clockwise,,false,,krita/krita.action,,
action-file,Painting,shift_brush_color_counter_clockwise,Shift brush color hue counter-clockwise,Shift brush color hue counter-clockwise,,false,,krita/krita.action,,
action-file,Painting,show-global-selection-mask,Show Global Selection Mask,Shows global selection as a usual selection mask in <interface>Layers</interface> docker,,true,Select,krita/krita.action,,
action-file,Painting,toggle-selection-overlay-mode,Toggle Selection Display Mode,Toggle Selection Display Mode,,false,,krita/krita.action,,
action-file,Painting,toggle_assistant,Toggle Snap To Assistants,Toggle Snap to Assistants,Ctrl+Shift+L,true,,krita/krita.action,,
action-file,Painting,toggle_brush_outline,Toggle Brush Outline,"Disable the brush outline, or enable the previously used brush outline shape if already disabled",,false,,krita/krita.action,,
action-file,Painting,toggle_fg_bg,Swap Foreground and Background Colors,Swap foreground and background colors,X,false,,krita/krita.action,,
action-file,Painting,undo_polygon_selection,Undo Polygon Selection Points,Undo Polygon Selection Points,Shift+Z,false,,krita/krita.action,,
action-file,Painting,vmirror_action,Vertical Mirror Tool,Vertical Mirror Tool,,true,,krita/krita.action,,
action-file,Path Tool,convert-to-path,To Path,To Path,P,false,,krita/data/actions/PathTool.action,,
action-file,Path Tool,movetool-move-down,Move down,Move down,Down,false,,krita/data/actions/MoveTool.action,,
action-file,Path Tool,movetool-move-down-more,Move down more,Move down more,Shift+Down,false,,krita/data/actions/MoveTool.action,,
action-file,Path Tool,movetool-move-left,Move left,Move left,Left,false,,krita/data/actions/MoveTool.action,,
action-file,Path Tool,movetool-move-left-more,Move left more,Move left more,Shift+Left,false,,krita/data/actions/MoveTool.action,,
action-file,Path Tool,movetool-move-right,,Move right,Right,false,,krita/data/actions/MoveTool.action,,
action-file,Path Tool,movetool-move-right-more,Move right more,Move right more,Shift+Right,false,,krita/data/actions/MoveTool.action,,
action-file,Path Tool,movetool-move-up,Move up,Move up,Up,false,,krita/data/actions/MoveTool.action,,
action-file,Path Tool,movetool-move-up-more,Move up more,Move up more,Shift+Up,false,,krita/data/actions/MoveTool.action,,
action-file,Path Tool,movetool-show-coordinates,Show Coordinates,Show absolute coordinates and offset while move action,Ctrl+Alt+Shift+C,true,,krita/data/actions/MoveTool.action,,
action-file,Path Tool,path-break-point,Break at point,Break at point,,false,,krita/data/actions/PathTool.action,,
action-file,Path Tool,path-break-segment,Break at segment,Break at segment,,false,,krita/data/actions/PathTool.action,,
action-file,Path Tool,path-break-selection,Break at selection,Break at selection,Ctrl+B,false,,krita/data/actions/PathTool.action,,
action-file,Path Tool,pathpoint-corner,Corner point,Corner point,,false,,krita/data/actions/PathTool.action,,
action-file,Path Tool,pathpoint-curve,Make curve point,Make curve point,,false,,krita/data/actions/PathTool.action,,
action-file,Path Tool,pathpoint-insert,Insert point,Insert point,Ins,false,,krita/data/actions/PathTool.action,,
action-file,Path Tool,pathpoint-join,Join with segment,Join with segment,J,false,,krita/data/actions/PathTool.action,,
action-file,Path Tool,pathpoint-line,Make line point,Make line point,,false,,krita/data/actions/PathTool.action,,
action-file,Path Tool,pathpoint-merge,Merge points,Merge points,,false,,krita/data/actions/PathTool.action,,
action-file,Path Tool,pathpoint-remove,Remove point,Remove point,Backspace,false,,krita/data/actions/PathTool.action,,
action-file,Path Tool,pathpoint-smooth,Smooth point,Smooth point,,false,,krita/data/actions/PathTool.action,,
action-file,Path Tool,pathpoint-symmetric,Symmetric Point,Symmetric Point,,false,,krita/data/actions/PathTool.action,,
action-file,Path Tool,pathsegment-curve,Segment to Curve,Segment to Curve,Shift+C,false,,krita/data/actions/PathTool.action,,
action-file,Path Tool,pathsegment-line,Segment to Line,Segment to Line,F,false,,krita/data/actions/PathTool.action,,
action-file,Python Plugin Importer,plugin_importer_file,Import Python Plugin from File...,,,false,,plugins/python/plugin_importer/plugin_importer.action,,
action-file,Python Plugin Importer,plugin_importer_web,Import Python Plugin from Web...,,,false,,plugins/python/plugin_importer/plugin_importer.action,,
action-file,Recorder,recorder_export,Export Timelapse...,Export Timelapse...,,false,,plugins/dockers/recorder/recorder.action,,
action-file,Recorder,recorder_record_toggle,Record Timelapse,Record Timelapse,,true,,plugins/dockers/recorder/recorder.action,,
action-file,Resources,manage_supporter_bundles,Get More Resources...,Get More Resources,,false,Settings,krita/kritamenu_android.action,,
action-file,S-Pen Actions,spen_circle_ccw,S-Pen Gesture Circle Counter-Clockwise,,F12,false,,plugins/extensions/spensettings/SPenSettings.action,,
action-file,S-Pen Actions,spen_circle_cw,S-Pen Gesture Circle Clockwise,,F11,false,,plugins/extensions/spensettings/SPenSettings.action,,
action-file,S-Pen Actions,spen_click,S-Pen Button Click,,@,false,,plugins/extensions/spensettings/SPenSettings.action,,
action-file,S-Pen Actions,spen_double_click,S-Pen Button Double Click,,#,false,,plugins/extensions/spensettings/SPenSettings.action,,
action-file,S-Pen Actions,spen_show_popup_palette,Toggle popup palette with S-Pen,,,false,,plugins/extensions/spensettings/SPenSettings.action,,
action-file,S-Pen Actions,spen_swipe_down,S-Pen Gesture Swipe Down,,F8,false,,plugins/extensions/spensettings/SPenSettings.action,,
action-file,S-Pen Actions,spen_swipe_left,S-Pen Gesture Swipe Left,,F9,false,,plugins/extensions/spensettings/SPenSettings.action,,
action-file,S-Pen Actions,spen_swipe_right,S-Pen Gesture Swipe Right,,F10,false,,plugins/extensions/spensettings/SPenSettings.action,,
action-file,S-Pen Actions,spen_swipe_up,S-Pen Gesture Swipe Up,,F7,false,,plugins/extensions/spensettings/SPenSettings.action,,
action-file,SVG Text Tool,SvgTextTool,Text Tool,Text Tool,,false,,plugins/tools/svgtexttool/SvgTextTool.action,,
action-file,SVG Text Tool,svg_align_center,Align Center,Align Center,Ctrl+Alt+C,false,,plugins/tools/svgtexttool/SvgTextTool.action,,
action-file,SVG Text Tool,svg_align_justified,Align Block,Align Block,Ctrl+Alt+R,false,,plugins/tools/svgtexttool/SvgTextTool.action,,
action-file,SVG Text Tool,svg_align_left,Align Left,Align Left,,false,,plugins/tools/svgtexttool/SvgTextTool.action,,
action-file,SVG Text Tool,svg_align_right,Align Right,Align Right,Ctrl+Alt+R,false,,plugins/tools/svgtexttool/SvgTextTool.action,,
action-file,SVG Text Tool,svg_clear_formatting,Clear Formatting,Remove all set text properties from the selection.,edit-clear,false,,plugins/tools/svgtexttool/SvgTextTool.action,,
action-file,SVG Text Tool,svg_decrease_font_size,Decrease Font Size,Decrease Font Size,Ctrl+<,false,,plugins/tools/svgtexttool/SvgTextTool.action,,
action-file,SVG Text Tool,svg_font_kerning,Kerning,Kerning,,true,,plugins/tools/svgtexttool/SvgTextTool.action,,
action-file,SVG Text Tool,svg_format_italic,Italic,Italic,Ctrl+I,true,,plugins/tools/svgtexttool/SvgTextTool.action,,
action-file,SVG Text Tool,svg_format_strike_through,Strikethrough,Strikethrough,,true,,plugins/tools/svgtexttool/SvgTextTool.action,,
action-file,SVG Text Tool,svg_format_subscript,Subscript,Subscript,Ctrl+Shift+B,true,,plugins/tools/svgtexttool/SvgTextTool.action,,
action-file,SVG Text Tool,svg_format_superscript,Superscript,Superscript,Ctrl+Shift+P,true,,plugins/tools/svgtexttool/SvgTextTool.action,,
action-file,SVG Text Tool,svg_format_underline,Underline,Underline,Ctrl+U,true,,plugins/tools/svgtexttool/SvgTextTool.action,,
action-file,SVG Text Tool,svg_increase_font_size,Increase Font Size,Increase Font Size,Ctrl+>,false,,plugins/tools/svgtexttool/SvgTextTool.action,,
action-file,SVG Text Tool,svg_insert_special_character,Glyph Palette...,Insert one or more symbols or characters not found on the keyboard,Alt+Shift+G,false,,plugins/tools/svgtexttool/SvgTextTool.action,,
action-file,SVG Text Tool,svg_paste_plain_text,Paste Plain Text,Paste text without styling.,,false,,plugins/tools/svgtexttool/SvgTextTool.action,,
action-file,SVG Text Tool,svg_paste_rich_text,Paste Rich Text,Try to paste styled text if possible.,,false,,plugins/tools/svgtexttool/SvgTextTool.action,,
action-file,SVG Text Tool,svg_remove_transforms_from_range,Remove Character Transforms,Remove Character Transforms from the selection.,,false,,plugins/tools/svgtexttool/SvgTextTool.action,,
action-file,SVG Text Tool,svg_settings,Settings...,Text Editor Settings,,false,Settings,plugins/tools/svgtexttool/SvgTextTool.action,,
action-file,SVG Text Tool,svg_type_setting_move_selection_start_down_1_px,Move Text Selection Down By 1 Pixel,"When type setting mode is active, move the start of the selection down by one pixel.",,false,,plugins/tools/svgtexttool/SvgTextTool.action,,
action-file,SVG Text Tool,svg_type_setting_move_selection_start_left_1_px,Move Text Selection Left By 1 Pixel,"When type setting mode is active, move the start of the selection left by one pixel.",,false,,plugins/tools/svgtexttool/SvgTextTool.action,,
action-file,SVG Text Tool,svg_type_setting_move_selection_start_right_1_px,Move Text Selection Right By 1 Pixel,"When type setting mode is active, move the start of the selection right by one pixel.",,false,,plugins/tools/svgtexttool/SvgTextTool.action,,
action-file,SVG Text Tool,svg_type_setting_move_selection_start_up_1_px,Move Text Selection Up By 1 Pixel,"When type setting mode is active, move the start of the selection up by one pixel.",,false,,plugins/tools/svgtexttool/SvgTextTool.action,,
action-file,SVG Text Tool,svg_weight_black,Black,Black,,true,,plugins/tools/svgtexttool/SvgTextTool.action,,
action-file,SVG Text Tool,svg_weight_bold,Bold,Bold,Ctrl+B,true,,plugins/tools/svgtexttool/SvgTextTool.action,,
action-file,SVG Text Tool,svg_weight_demi,Demi,Demi,,true,,plugins/tools/svgtexttool/SvgTextTool.action,,
action-file,SVG Text Tool,svg_weight_light,Light,Light,Ctrl+L,true,,plugins/tools/svgtexttool/SvgTextTool.action,,
action-file,SVG Text Tool,svg_weight_normal,Normal,Normal,,true,,plugins/tools/svgtexttool/SvgTextTool.action,,
action-file,Select,borderselection,Border Selection...,Border Selection,,false,Select,krita/kritamenu.action,,
action-file,Select,colorrange,Select from Color Range...,Select from Color Range,,false,Select,krita/kritamenu.action,,
action-file,Select,configure_sap,Configure selection actions bar,,,false,Select,krita/kritamenu.action,,
action-file,Select,convert_shapes_to_vector_selection,Convert Shapes to Vector Selection,Convert Shapes to Vector Selection,,false,Select,krita/kritamenu.action,,
action-file,Select,convert_to_raster_selection,Convert to Raster Selection,Convert to Raster Selection,,false,Select,krita/kritamenu.action,,
action-file,Select,convert_to_vector_selection,Convert to Vector Selection,Convert to Vector Selection,,false,Select,krita/kritamenu.action,,
action-file,Select,deselect,Deselect,Deselect,Ctrl+Shift+A,false,Select,krita/kritamenu.action,,
action-file,Select,edit_selection,Edit Selection,Edit Selection,,false,Select,krita/kritamenu.action,,
action-file,Select,enable_sap,Enable Selection Actions Bar,,,true,Select,krita/kritamenu.action,,
action-file,Select,featherselection,Feather Selection...,Feather Selection,Shift+F6,false,Select,krita/kritamenu.action,,
action-file,Select,growselection,Grow Selection...,Grow Selection,,false,Select,krita/kritamenu.action,,
action-file,Select,reselect,Reselect,Reselect,Ctrl+Shift+D,false,Select,krita/kritamenu.action,,
action-file,Select,select_all,Select All,Select All,Ctrl+A,false,Select,krita/kritamenu.action,,
action-file,Select,selectionscale,Scale...,Scale,,false,Select,krita/kritamenu.action,,
action-file,Select,selectopaque,Select Opaque (Replace),Select Opaque,,false,Select | Select > Select Opaque,krita/kritamenu.action,,
action-file,Select,selectopaque_add,Select Opaque (Add),Select Opaque (Add),,false,Select > Select Opaque,krita/kritamenu.action,,
action-file,Select,selectopaque_intersect,Select Opaque (Intersect),Select Opaque (Intersect),,false,Select > Select Opaque,krita/kritamenu.action,,
action-file,Select,selectopaque_subtract,Select Opaque (Subtract),Select Opaque (Subtract),,false,Select > Select Opaque,krita/kritamenu.action,,
action-file,Select,shrinkselection,Shrink Selection...,Shrink Selection,,false,Select,krita/kritamenu.action,,
action-file,Select,smoothselection,Smooth,Smooth,,false,Select,krita/kritamenu.action,,
action-file,Select,toggle_display_selection,Display Selection,Display Selection,Ctrl+H,true,Select,krita/kritamenu.action,,
action-file,Settings,dbexplorer,Explore Resources Cache Database...,Resources Cache Database,,false,Tools,plugins/extensions/dbexplorer/dbexplorer.action,,
action-file,Settings,manage_bundles,Manage Resource Libraries...,Manage Resource Libraries,,false,Settings,krita/kritamenu.action,,
action-file,Settings,manage_resources,Manage Resources...,Manage Resources,,false,Settings,krita/kritamenu.action,,
action-file,Settings,options_configure,Configure Krita...,Configure Krita,,false,Settings,krita/kritamenu.action,,
action-file,Settings,options_configure_keybinding,Configure Shortcuts...,Configure Shortcuts,,false,Settings,krita/kritamenu.action,,
action-file,Settings,options_configure_toolbars,Configure Toolbars...,Configure Toolbars,,false,Settings,krita/kritamenu.action,,
action-file,Settings,reset_configurations,Reset All Settings,Reset All Settings to Default,,false,Settings,krita/kritamenu.action,,
action-file,Settings,settings_active_author,Active Author Profile,Active Author Profile,,,Settings,krita/kritamenu.action,,
action-file,Settings,settings_dockers_menu,Dockers,Dockers,,false,Settings,krita/kritamenu.action,,
action-file,Settings,style_menu,Styles,Styles,,false,Settings,krita/kritamenu.action,,
action-file,Settings,switch_application_language,Switch Application Language...,Switch Application Language,,false,Help | Settings,krita/kritamenu.action,,
action-file,Settings,theme_menu,Themes,Themes,,false,Settings,krita/kritamenu.action,,
action-file,Settings,view_toggledockers,Show Dockers,Show Dockers,,true,Settings,krita/kritamenu.action,,
action-file,Settings,view_toggledockertitlebars,Show Docker Titlebars,Show Docker Titlebars,,true,,krita/kritamenu.action,,
action-file,Settings,window,Window,Window,,false,(top level),krita/kritamenu.action,,
action-file,Ten Brushes,activate_preset_0,Activate Brush Preset 0,,ctrl+alt+0,false,,plugins/python/tenbrushes/tenbrushes.action,,
action-file,Ten Brushes,activate_preset_1,Activate Brush Preset 1,,ctrl+alt+1,false,,plugins/python/tenbrushes/tenbrushes.action,,
action-file,Ten Brushes,activate_preset_2,Activate Brush Preset 2,,ctrl+alt+2,false,,plugins/python/tenbrushes/tenbrushes.action,,
action-file,Ten Brushes,activate_preset_3,Activate Brush Preset 3,,ctrl+alt+3,false,,plugins/python/tenbrushes/tenbrushes.action,,
action-file,Ten Brushes,activate_preset_4,Activate Brush Preset 4,,ctrl+alt+4,false,,plugins/python/tenbrushes/tenbrushes.action,,
action-file,Ten Brushes,activate_preset_5,Activate Brush Preset 5,,ctrl+alt+5,false,,plugins/python/tenbrushes/tenbrushes.action,,
action-file,Ten Brushes,activate_preset_6,Activate Brush Preset 6,,ctrl+alt+6,false,,plugins/python/tenbrushes/tenbrushes.action,,
action-file,Ten Brushes,activate_preset_7,Activate Brush Preset 7,,ctrl+alt+7,false,,plugins/python/tenbrushes/tenbrushes.action,,
action-file,Ten Brushes,activate_preset_8,Activate Brush Preset 8,,ctrl+alt+8,false,,plugins/python/tenbrushes/tenbrushes.action,,
action-file,Ten Brushes,activate_preset_9,Activate Brush Preset 9,,ctrl+alt+9,false,,plugins/python/tenbrushes/tenbrushes.action,,
action-file,Ten Brushes,ten_brushes,Ten Brushes,,,false,,plugins/python/tenbrushes/tenbrushes.action,,
action-file,Ten Scripts,execute_script_0,Execute Script 0,,ctrl+shift+0,false,,plugins/python/tenscripts/tenscripts.action,,
action-file,Ten Scripts,execute_script_1,Execute Script 1,,ctrl+shift+1,false,,plugins/python/tenscripts/tenscripts.action,,
action-file,Ten Scripts,execute_script_2,Execute Script 2,,ctrl+shift+2,false,,plugins/python/tenscripts/tenscripts.action,,
action-file,Ten Scripts,execute_script_3,Execute Script 3,,ctrl+shift+3,false,,plugins/python/tenscripts/tenscripts.action,,
action-file,Ten Scripts,execute_script_4,Execute Script 4,,ctrl+shift+4,false,,plugins/python/tenscripts/tenscripts.action,,
action-file,Ten Scripts,execute_script_5,Execute Script 5,,ctrl+shift+5,false,,plugins/python/tenscripts/tenscripts.action,,
action-file,Ten Scripts,execute_script_6,Execute Script 6,,ctrl+shift+6,false,,plugins/python/tenscripts/tenscripts.action,,
action-file,Ten Scripts,execute_script_7,Execute Script 7,,ctrl+shift+7,false,,plugins/python/tenscripts/tenscripts.action,,
action-file,Ten Scripts,execute_script_8,Execute Script 8,,ctrl+shift+8,false,,plugins/python/tenscripts/tenscripts.action,,
action-file,Ten Scripts,execute_script_9,Execute Script 9,,ctrl+shift+9,false,,plugins/python/tenscripts/tenscripts.action,,
action-file,Ten Scripts,ten_scripts,Ten Scripts,,,false,,plugins/python/tenscripts/tenscripts.action,,
action-file,Tool Shortcuts,InteractionTool,Select Shapes Tool,Select Shapes Tool,,false,,plugins/tools/tools.action,,
action-file,Tool Shortcuts,KarbonCalligraphyTool,Calligraphy,Calligraphy,,false,,plugins/tools/tools.action,,
action-file,Tool Shortcuts,KisAssistantTool,Assistant Tool,Assistant Tool,,false,,plugins/assistants/Assistants/KisAssistantTool.action,,
action-file,Tool Shortcuts,KisToolCrop,Crop Tool,Crop the image to an area,C,false,,plugins/tools/tool_crop/KisToolCrop.action,,
action-file,Tool Shortcuts,KisToolEncloseAndFill,Enclose and Fill Tool,Enclose and Fill Tool,,false,,plugins/tools/tool_enclose_and_fill/KisToolEncloseAndFill.action,,
action-file,Tool Shortcuts,KisToolPath,Bezier Curve Tool,Bezier Curve Tool. Shift-mouseclick or double-click ends the curve.,,false,,plugins/tools/basictools/KisToolPath.action,,
action-file,Tool Shortcuts,KisToolPencil,Freehand Path Tool,Freehand Path Tool,,false,,plugins/tools/basictools/KisToolPencil.action,,
action-file,Tool Shortcuts,KisToolPolygon,Polygon Tool,Polygon Tool. Shift-mouseclick ends the polygon.,,false,,plugins/tools/tool_polygon/KisToolPolygon.action,,
action-file,Tool Shortcuts,KisToolPolyline,Polyline Tool,Polyline Tool. Shift-mouseclick ends the polyline.,,false,,plugins/tools/tool_polyline/KisToolPolyline.action,,
action-file,Tool Shortcuts,KisToolSelectContiguous,Contiguous Selection Tool,Contiguous Selection Tool,,false,,plugins/tools/selectiontools/KisToolSelectContiguous.action,,
action-file,Tool Shortcuts,KisToolSelectElliptical,Elliptical Selection Tool,Elliptical Selection Tool,J,false,,plugins/tools/selectiontools/KisToolSelectElliptical.action,,
action-file,Tool Shortcuts,KisToolSelectMagnetic,Magnetic Selection Tool,Magnetic Curve Selection Tool,,false,,plugins/tools/selectiontools/KisToolSelectMagnetic.action,,
action-file,Tool Shortcuts,KisToolSelectOutline,Freehand Selection Tool,Freehand Selection Tool,,false,,plugins/tools/selectiontools/KisToolSelectOutline.action,,
action-file,Tool Shortcuts,KisToolSelectPath,Bezier Curve Selection Tool,Bezier Curve Selection Tool,,false,,plugins/tools/selectiontools/KisToolSelectPath.action,,
action-file,Tool Shortcuts,KisToolSelectPolygonal,,Polygonal Selection Tool,,false,,plugins/tools/selectiontools/KisToolSelectPolygonal.action,,
action-file,Tool Shortcuts,KisToolSelectRectangular,Rectangular Selection Tool,Rectangular Selection Tool,Ctrl+R,false,,plugins/tools/selectiontools/KisToolSelectRectangular.action,,
action-file,Tool Shortcuts,KisToolSelectSimilar,Similar Color Selection Tool,Similar Color Selection Tool,,false,,plugins/tools/selectiontools/KisToolSelectSimilar.action,,
action-file,Tool Shortcuts,KisToolTransform,Transform Tool,Transform a layer or a selection,Ctrl+T,false,,plugins/tools/tool_transform2/KisToolTransform.action,,
action-file,Tool Shortcuts,KisToolTransformCage,Transform Tool (Cage Transform),,,false,,plugins/tools/tool_transform2/KisToolTransform.action,,
action-file,Tool Shortcuts,KisToolTransformFree,Transform Tool (Free Transform),,,false,,plugins/tools/tool_transform2/KisToolTransform.action,,
action-file,Tool Shortcuts,KisToolTransformLiquify,Transform Tool (Liquify Transform),,,false,,plugins/tools/tool_transform2/KisToolTransform.action,,
action-file,Tool Shortcuts,KisToolTransformMesh,Transform Tool (Mesh Transform),,,false,,plugins/tools/tool_transform2/KisToolTransform.action,,
action-file,Tool Shortcuts,KisToolTransformPerspective,Transform Tool (Perspective Transform),,,false,,plugins/tools/tool_transform2/KisToolTransform.action,,
action-file,Tool Shortcuts,KisToolTransformWarp,Transform Tool (Warp Transform),,,false,,plugins/tools/tool_transform2/KisToolTransform.action,,
action-file,Tool Shortcuts,KritaFill/KisToolFill,Fill Tool,"Fill a contiguous area of color with a color, or fill a selection.",F,false,,plugins/tools/tools.action,,
action-file,Tool Shortcuts,KritaFill/KisToolGradient,Gradient Tool,Draw a gradient.,G,false,,plugins/tools/tools.action,,
action-file,Tool Shortcuts,KritaSelected/KisToolColorSampler,Color Sampler,Sample a color from the image or current layer,P,false,,plugins/tools/tools.action,,
action-file,Tool Shortcuts,KritaShape/KisToolBrush,Freehand Brush Tool,Freehand Brush Tool,B,false,,plugins/tools/tools.action,,
action-file,Tool Shortcuts,KritaShape/KisToolDyna,Dynamic Brush Tool,Dynamic Brush Tool,,false,,plugins/tools/tools.action,,
action-file,Tool Shortcuts,KritaShape/KisToolEllipse,Ellipse Tool,Ellipse Tool,Shift+J,false,,plugins/tools/tools.action,,
action-file,Tool Shortcuts,KritaShape/KisToolKnife,Comic Panel Editing Tool,Comic Panel Editing Tool,,false,,plugins/tools/tools.action,,
action-file,Tool Shortcuts,KritaShape/KisToolLazyBrush,Colorize Mask Tool,Colorize Mask Tool,,,,plugins/tools/tools.action,,
action-file,Tool Shortcuts,KritaShape/KisToolLine,Line Tool,Line Tool,,false,,plugins/tools/tools.action,,
action-file,Tool Shortcuts,KritaShape/KisToolMeasure,Measurement Tool,Measure the distance between two points,,false,,plugins/tools/tools.action,,
action-file,Tool Shortcuts,KritaShape/KisToolMultiBrush,Multibrush Tool,Multibrush Tool,Q,false,,plugins/tools/tools.action,,
action-file,Tool Shortcuts,KritaShape/KisToolRectangle,Rectangle Tool,Rectangle Tool,Shift+R,false,,plugins/tools/tools.action,,
action-file,Tool Shortcuts,KritaShape/KisToolSmartPatch,Smart Patch Tool,Smart Patch Tool,,,,plugins/tools/tools.action,,
action-file,Tool Shortcuts,KritaTransform/KisToolMove,Move Tool,Move a layer,T,false,,plugins/tools/tools.action,,
action-file,Tool Shortcuts,PanTool,Pan Tool,Pan Tool,,,,plugins/tools/tools.action,,
action-file,Tool Shortcuts,PathTool,Edit Shapes Tool,Edit Shapes Tool,,false,,plugins/tools/tools.action,,
action-file,Tool Shortcuts,ToolReferenceImages,Reference Images Tool,Reference Images Tool,,false,,plugins/tools/tools.action,,
action-file,Tool Shortcuts,ZoomTool,Zoom Tool,Zoom Tool,,false,,plugins/tools/tools.action,,
action-file,Tool Shortcuts,calligraphy_decrease_angle,Calligraphy: decrease angle,Calligraphy: decrease angle,,false,,plugins/tools/karbonplugins/tools/CalligraphyTool/KarbonCalligraphyTool.action,,
action-file,Tool Shortcuts,calligraphy_decrease_width,Calligraphy: decrease width,Calligraphy: decrease width,,false,,plugins/tools/karbonplugins/tools/CalligraphyTool/KarbonCalligraphyTool.action,,
action-file,Tool Shortcuts,calligraphy_increase_angle,Calligraphy: increase angle,Calligraphy: increase angle,,false,,plugins/tools/karbonplugins/tools/CalligraphyTool/KarbonCalligraphyTool.action,,
action-file,Tool Shortcuts,calligraphy_increase_width,Calligraphy: increase width,Calligraphy: increase width,,false,,plugins/tools/karbonplugins/tools/CalligraphyTool/KarbonCalligraphyTool.action,,
action-file,View,fullscreen,Full Screen Mode,Display the window in full screen,Ctrl+Shift+F,true,Settings | View,krita/kritamenu.action,,
action-file,View,gamutCheck,Out of Gamut Warnings,"Turns on warnings for colors out of proofed gamut, needs soft proofing to be turned on.",Ctrl+Shift+Y,true,View,krita/kritamenu.action,,
action-file,View,level_of_detail_mode,Instant Preview Mode,Instant Preview Mode,Shift+L,true,View,krita/kritamenu.action,,
action-file,View,mirror_canvas,Mirror View,Mirror View,M,false,"View > Zoom, Rotate, and Mirror",krita/kritamenu.action,,
action-file,View,mirror_canvas_around_canvas,Mirror View Around Canvas,Mirror View Around Canvas,,false,"View > Zoom, Rotate, and Mirror",krita/kritamenu.action,,
action-file,View,mirror_canvas_around_cursor,Mirror View Around Cursor,Mirror View Around Cursor,Alt+M,false,"View > Zoom, Rotate, and Mirror",krita/kritamenu.action,,
action-file,View,reset_canvas_rotation,Reset Canvas Rotation,Reset Canvas Rotation,,false,"View > Zoom, Rotate, and Mirror",krita/kritamenu.action,,
action-file,View,reset_display,Reset Display,"Reset zoom, rotation, and mirroring to their default states.",,false,"View > Zoom, Rotate, and Mirror",krita/kritamenu.action,,
action-file,View,rotate_canvas_left,Rotate Canvas Left,Rotate Canvas Left,Ctrl+[,false,"View > Zoom, Rotate, and Mirror",krita/kritamenu.action,,
action-file,View,rotate_canvas_right,Rotate Canvas Right,Rotate Canvas Right,Ctrl+],false,"View > Zoom, Rotate, and Mirror",krita/kritamenu.action,,
action-file,View,rulers_track_mouse,Rulers Track Pointer,Rulers Track Pointer,,true,View,krita/kritamenu.action,,
action-file,View,showStatusBar,Show Status Bar,Show or hide the status bar,,true,View,krita/kritamenu.action,,
action-file,View,show_snap_options_popup,Show Snap Options Popup,Show Snap Options Popup,Shift+s,false,,krita/kritamenu.action,,
action-file,View,softProof,Soft Proofing,Turns on Soft Proofing,Ctrl+Y,true,View,krita/kritamenu.action,,
action-file,View,toggle_zoom_to_fit,Toggle Fit to View,Toggle Fit to View,,false,,krita/kritamenu.action,,
action-file,View,view_detached_canvas,Detach Canvas,Show the canvas on a separate window,,true,View,krita/kritamenu.action,,
action-file,View,view_grid,Show Grid,Show Grid,Ctrl+Shift+',true,View,krita/kritamenu.action,,
action-file,View,view_lock_guides,Lock Guides,Lock or unlock guides,,true,View,krita/kritamenu.action,,
action-file,View,view_pixel_grid,Show Pixel Grid,Show Pixel Grid,,true,View,krita/kritamenu.action,,
action-file,View,view_print_size,View Print Size,"Map the canvas display to print size, based on the image resolution.",,true,View,krita/kritamenu.action,,
action-file,View,view_ruler,Show Rulers,Show Rulers,,true,View,krita/kritamenu.action,,
action-file,View,view_show_canvas_only,Show Canvas Only,Show just the canvas or the whole window,Tab,true,View,krita/kritamenu.action,,
action-file,View,view_show_guides,Show Guides,Show or hide guides,,true,View,krita/kritamenu.action,,
action-file,View,view_snap_bounding_box,Snap Bounding Box,Snap Bounding Box,,true,View > Snap To,krita/kritamenu.action,,
action-file,View,view_snap_extension,Snap Extension,Snap Extension,,true,View > Snap To,krita/kritamenu.action,,
action-file,View,view_snap_image_bounds,Snap Image Bounds,Snap Image Bounds,,true,View > Snap To,krita/kritamenu.action,,
action-file,View,view_snap_image_center,Snap Image Center,Snap Image Center,,true,View > Snap To,krita/kritamenu.action,,
action-file,View,view_snap_intersection,Snap Intersection,Snap Intersection,,true,View > Snap To,krita/kritamenu.action,,
action-file,View,view_snap_node,Snap Node,Snap Node,,true,View > Snap To,krita/kritamenu.action,,
action-file,View,view_snap_orthogonal,Snap Orthogonal,Snap Orthogonal,,true,View > Snap To,krita/kritamenu.action,,
action-file,View,view_snap_to_grid,Snap To Grid,Snap To Grid,Ctrl+Shift+;,true,View > Snap To,krita/kritamenu.action,,
action-file,View,view_snap_to_guides,Snap to Guides,Snap cursor to guides position,,true,View > Snap To,krita/kritamenu.action,,
action-file,View,view_snap_to_pixel,Snap Pixel,Snap Pixel,,true,View > Snap To,krita/kritamenu.action,,
action-file,View,view_toggle_assistant_previews,Show Assistant Previews,Show Assistant Previews,,true,View,krita/kritamenu.action,,
action-file,View,view_toggle_painting_assistants,Show Painting Assistants,Show Painting Assistants,,true,View,krita/kritamenu.action,,
action-file,View,view_toggle_reference_images,Show Reference Images,Show Reference Images,,true,View,krita/kritamenu.action,,
action-file,View,view_zoom_in,Zoom In,Zoom In,Ctrl+=; Ctrl++,false,"View | View > Zoom, Rotate, and Mirror",krita/kritamenu.action,,
action-file,View,view_zoom_out,Zoom Out,Zoom Out,Ctrl+-,false,"View | View > Zoom, Rotate, and Mirror",krita/kritamenu.action,,
action-file,View,wrap_around_h_axis,Wrap Around Horizontally,Wrap Around Horizontally,,true,View > Wrap Around Mode Direction,krita/kritamenu.action,,
action-file,View,wrap_around_hv_axis,Wrap Around Both Directions,Wrap Around Both Directions,,true,View > Wrap Around Mode Direction,krita/kritamenu.action,,
action-file,View,wrap_around_mode,Wrap Around Mode,Wrap Around Mode,Shift+W,true,View,krita/kritamenu.action,,
action-file,View,wrap_around_v_axis,Wrap Around Vertically,Wrap Around Vertically,,true,View > Wrap Around Mode Direction,krita/kritamenu.action,,
action-file,View,zoom_to_100pct,Zoom to 100%,Zoom to 100%,Ctrl+0,false,"View > Zoom, Rotate, and Mirror",krita/kritamenu.action,,
action-file,View,zoom_to_fit,Fit to View,Fit Canvas to View,,false,"View > Zoom, Rotate, and Mirror",krita/kritamenu.action,,
action-file,View,zoom_to_fit_height,Fit to View Height,Fit Canvas to View Height,,false,"View > Zoom, Rotate, and Mirror",krita/kritamenu.action,,
action-file,View,zoom_to_fit_width,Fit to View Width,Fit Canvas to View Width,,false,"View > Zoom, Rotate, and Mirror",krita/kritamenu.action,,
action-file,WG Color Selector Actions,show_wg_color_history,Show color history,Show color history,,false,,plugins/dockers/widegamutcolorselector/WGColorSelector.action,,
action-file,WG Color Selector Actions,show_wg_color_selector,Show wide-gamut color selector,Show color selector,Shift+O,false,,plugins/dockers/widegamutcolorselector/WGColorSelector.action,,
action-file,WG Color Selector Actions,show_wg_mypaint_selector,Show MyPaint shade selector,Show MyPaint selector,,false,,plugins/dockers/widegamutcolorselector/WGColorSelector.action,,
action-file,WG Color Selector Actions,show_wg_shade_selector,Show wide-gamut shade selector,Show shade selector,,false,,plugins/dockers/widegamutcolorselector/WGColorSelector.action,,
action-file,WG Color Selector Actions,wgcs_darken_color,Make color darker,"Decreases value, lightness, intensity or luma of the selected color, depending on selected color model",,false,,plugins/dockers/widegamutcolorselector/WGColorSelector.action,,
action-file,WG Color Selector Actions,wgcs_decrease_saturation,Decrease color saturation,Decrease saturation of the selected color,,false,,plugins/dockers/widegamutcolorselector/WGColorSelector.action,,
action-file,WG Color Selector Actions,wgcs_increase_saturation,Increase color saturation,Increase saturation of the selected color,,false,,plugins/dockers/widegamutcolorselector/WGColorSelector.action,,
action-file,WG Color Selector Actions,wgcs_lighten_color,Make color lighter,"Increase value, lightness, intensity or luma of the selected color, depending on selected color model",,false,,plugins/dockers/widegamutcolorselector/WGColorSelector.action,,
action-file,WG Color Selector Actions,wgcs_shift_hue_clockwise,Shift hue clockwise,Shift hue of the selected color clockwise,,false,,plugins/dockers/widegamutcolorselector/WGColorSelector.action,,
action-file,WG Color Selector Actions,wgcs_shift_hue_counterclockwise,Shift hue counter-clockwise,Shift hue of the selected color counter-clockwise,,false,,plugins/dockers/widegamutcolorselector/WGColorSelector.action,,
action-file,Window,view_newwindow,New Window,New Window,,false,,krita/kritamenu.action,,
action-file,Window,windows_next,Next,Next,,false,,krita/kritamenu.action,,
action-file,Window,windows_previous,Previous,Previous,,false,,krita/kritamenu.action,,
code,(code-defined),composite_actions,,,,,Toolbar: BrushesAndStuff,libs/ui/kis_paintop_box.cc,,
code,(code-defined),format_italic,,,,,,libs/ui/KisViewManager.cpp,,
code,(code-defined),interpolation_bezier,,,,,,plugins/dockers/animation/KisAnimCurvesDocker.cpp,,
code,(code-defined),interpolation_constant,,,,,,plugins/dockers/animation/KisAnimCurvesDocker.cpp,,
code,(code-defined),interpolation_linear,,,,,,plugins/dockers/animation/KisAnimCurvesDocker.cpp,,
code,(code-defined),tangents_sharp,,,,,,plugins/dockers/animation/KisAnimCurvesDocker.cpp,,
code,(code-defined),tangents_smooth,,,,,,plugins/dockers/animation/KisAnimCurvesDocker.cpp,,
code,(code-defined),zoom_to_fit_curve,,,,,,plugins/dockers/animation/KisAnimCurvesDocker.cpp,,
code,(code-defined),zoom_to_fit_range,,,,,,plugins/dockers/animation/KisAnimCurvesDocker.cpp,,
kstandardaction,(KStandardAction),KStandardAction::aboutApp,,,(standard),,,libs/widgetutils/xmlgui/khelpmenu.cpp,,
kstandardaction,(KStandardAction),KStandardAction::aboutKDE,,,(standard),,,libs/widgetutils/xmlgui/khelpmenu.cpp,,
kstandardaction,(KStandardAction),KStandardAction::action,,,(standard),,,libs/widgetutils/config/kstandardaction.h,,
kstandardaction,(KStandardAction),KStandardAction::close,,,(standard),,,plugins/tools/svgtexttool/SvgTextEditor.cpp,,
kstandardaction,(KStandardAction),KStandardAction::configureToolbars,,,(standard),,,libs/widgetutils/xmlgui/kxmlguiwindow.cpp;libs/widgetutils/xmlgui/kxmlguiwindow.h,,
kstandardaction,(KStandardAction),KStandardAction::copy,,,(standard),,,plugins/tools/svgtexttool/SvgTextEditor.cpp,,
kstandardaction,(KStandardAction),KStandardAction::create,,,(standard),,,libs/ui/kis_action_manager.cpp;libs/widgetutils/config/kstandardaction.cpp;libs/widgetutils/config/kstandardaction_p.h;libs/widgetutils/xmlgui/kactioncollection.cpp;libs/widgetutils/xmlgui/khelpmenu.cpp,,
kstandardaction,(KStandardAction),KStandardAction::cut,,,(standard),,,libs/widgetutils/config/kstandardaction.h;plugins/tools/svgtexttool/SvgTextEditor.cpp,,
kstandardaction,(KStandardAction),KStandardAction::deselect,,,(standard),,,plugins/tools/svgtexttool/SvgTextEditor.cpp,,
kstandardaction,(KStandardAction),KStandardAction::find,,,(standard),,,plugins/tools/svgtexttool/SvgTextEditor.cpp,,
kstandardaction,(KStandardAction),KStandardAction::findNext,,,(standard),,,plugins/tools/svgtexttool/SvgTextEditor.cpp,,
kstandardaction,(KStandardAction),KStandardAction::findPrev,,,(standard),,,plugins/tools/svgtexttool/SvgTextEditor.cpp,,
kstandardaction,(KStandardAction),KStandardAction::helpContents,,,(standard),,,libs/widgetutils/xmlgui/khelpmenu.cpp,,
kstandardaction,(KStandardAction),KStandardAction::keyBindings,,,(standard),,,libs/widgetutils/config/kstandardaction.h;libs/widgetutils/xmlgui/kxmlguiwindow.cpp,,
kstandardaction,(KStandardAction),KStandardAction::name,,,(standard),,,libs/command/kundo2stack.cpp;libs/widgetutils/config/kstandardaction.h;libs/widgetutils/xmlgui/ktoolbar.cpp;libs/widgetutils/xmlgui/kundoactions.cpp,,
kstandardaction,(KStandardAction),KStandardAction::openNew,,,(standard),,,libs/widgetutils/config/kstandardaction.h,,
kstandardaction,(KStandardAction),KStandardAction::openRecent,,,(standard),,,libs/ui/KisMainWindow.cpp,,
kstandardaction,(KStandardAction),KStandardAction::paste,,,(standard),,,plugins/tools/svgtexttool/SvgTextEditor.cpp,,
kstandardaction,(KStandardAction),KStandardAction::redo,,,(standard),,,plugins/tools/svgtexttool/SvgTextEditor.cpp,,
kstandardaction,(KStandardAction),KStandardAction::replace,,,(standard),,,plugins/tools/svgtexttool/SvgTextEditor.cpp,,
kstandardaction,(KStandardAction),KStandardAction::reportBug,,,(standard),,,libs/widgetutils/xmlgui/khelpmenu.cpp,,
kstandardaction,(KStandardAction),KStandardAction::save,,,(standard),,,plugins/tools/svgtexttool/SvgTextEditor.cpp,,
kstandardaction,(KStandardAction),KStandardAction::selectAll,,,(standard),,,plugins/tools/svgtexttool/SvgTextEditor.cpp,,
kstandardaction,(KStandardAction),KStandardAction::showStatusbar,,,(standard),,,libs/widgetutils/xmlgui/kxmlguiwindow.cpp,,
kstandardaction,(KStandardAction),KStandardAction::undo,,,(standard),,,plugins/tools/svgtexttool/SvgTextEditor.cpp,,
kstandardaction,(KStandardAction),KStandardAction::whatsThis,,,(standard),,,libs/widgetutils/xmlgui/khelpmenu.cpp,,
kstandardaction,(KStandardAction),KStandardAction::zoomIn,,,(standard),,,plugins/tools/svgtexttool/SvgTextEditor.cpp,,
kstandardaction,(KStandardAction),KStandardAction::zoomOut,,,(standard),,,plugins/tools/svgtexttool/SvgTextEditor.cpp,,
