id,direction,mimetypes,extensions,source,new_location,tested
Krita Archival Export Filter,export,application/x-krita-archive,krz,plugins/impex/krz/krita_krz_export.json,,
Krita Brush Export Filter,export,"image/x-gimp-brush,image/x-gimp-brush-animated","gih,gbr",plugins/impex/brush/krita_brush_export.json,,
Krita CSV Export Filter,export,text/csv,csv,plugins/impex/csv/krita_csv_export.json,,
Krita GIF Export Filter,export,image/gif,gif,plugins/impex/gif/krita_gif_export.json,,
Krita HEIF Export Filter,export,"image/heic,image/avif","heif,heic,avif",plugins/impex/heif/krita_heif_export.json,,
Krita Heightmap Export Filter,export,"image/x-r32,image/x-r16,image/x-r8","r32,r16,r8",plugins/impex/heightmap/krita_heightmap_export.json,,
Krita JPEG Export Filter,export,image/jpeg,"jpeg,jpg",plugins/impex/jpeg/krita_jpeg_export.json,,
Krita JPEG-XL Export Filter,export,image/jxl,jxl,plugins/impex/jxl/krita_jxl_export.json,,
Krita Native Export Filter,export,application/x-krita,kra,plugins/impex/kra/krita_kra_export.json,,
Krita PNG Export Filter,export,"image/png,application/x-krita-paintoppreset","png,kpp",plugins/impex/png/krita_png_export.json,,
Krita PhotoShop Export Filter,export,"image/x-psd,image/photoshop,image/x-photoshop,image/vnd.adobe.photoshop",psd,plugins/impex/psd/krita_psd_export.json,,
Krita QImageIO Export Filter,export,"image/bmp,image/x-xpixmap,image/x-xbitmap,image/vnd.microsoft.icon,image/x-portable-pixmap,image/x-portable-graymap,image/x-portable-bitmap,image/webp","bmp,xpm,xbm,ico,ppm,webp",plugins/impex/qimageio/krita_qimageio_export.json,,
Krita QML Export Filter,export,text/x-qml,qml,plugins/impex/qml/krita_qml_export.json,,
Krita RGBE Export Filter,export,image/vnd.radiance,hdr,plugins/impex/rgbe/krita_rgbe_export.json,,
Krita Spriter Export Filter,export,application/x-spriter,scml,plugins/impex/spriter/krita_spriter_export.json,,
Krita TGA Export Filter,export,image/x-tga,tga,plugins/impex/tga/krita_tga_export.json,,
Krita TIFF Export Filter,export,image/tiff,"tif,tiff",plugins/impex/tiff/krita_tiff_export.json,,
Krita WebP Export Filter,export,image/webp,webp,plugins/impex/webp/krita_webp_export.json,,
Krita exr Export Filter,export,"image/x-exr,application/x-extension-exr",exr,plugins/impex/exr/krita_exr_export.json,,
Krita ora Export Filter,export,image/openraster,ora,plugins/impex/ora/krita_ora_export.json,,
Krita Brush Import Filter,import,"image/x-gimp-brush,image/x-gimp-brush-animated","gih,gbr",plugins/impex/brush/krita_brush_import.json,,
Krita CSV Import Filter,import,text/csv,csv,plugins/impex/csv/krita_csv_import.json,,
Krita GIF Import Filter,import,image/gif,gif,plugins/impex/gif/krita_gif_import.json,,
Krita HEIF Import Filter,import,"image/heic,image/avif","heif,heic,avif",plugins/impex/heif/krita_heif_import.json,,
Krita Heightmap Import Filter,import,"image/x-r32,image/x-r16,image/x-r8","r32,r16,r8",plugins/impex/heightmap/krita_heightmap_import.json,,
Krita JPEG Import Filter,import,image/jpeg,"jpg,jpeg",plugins/impex/jpeg/krita_jpeg_import.json,,
Krita JPEG-XL Import Filter,import,image/jxl,jxl,plugins/impex/jxl/krita_jxl_import.json,,
Krita Native Import Filter,import,"application/x-krita,application/x-krita-archive","kra, krz",plugins/impex/kra/krita_kra_import.json,,
Krita PDF Import Filter,import,application/pdf,pdf,plugins/impex/pdf/krita_pdf_import.json,,
Krita PNG Import Filter,import,"image/png,application/x-krita-paintoppreset","png,kpp",plugins/impex/png/krita_png_import.json,,
Krita PhotoShop Import Filter,import,"image/x-psd,image/photoshop,image/x-photoshop,image/vnd.adobe.photoshop,image/x-psb","psd,psb",plugins/impex/psd/krita_psd_import.json,,
Krita QImageIO Import Filter,import,"image/bmp,image/x-xpixmap,image/x-xbitmap,image/vnd.microsoft.icon,image/x-portable-pixmap,image/x-portable-graymap,image/x-portable-bitmap,image/webp","bmp,xbm,ico,ppm,webp",plugins/impex/qimageio/krita_qimageio_import.json,,
Krita RAW Import Filter,import,image/x-krita-raw,"bay,bmq,cr2,crw,cs1,dc2,dcr,dng,erf,fff,k25,kdc,mdc,mos,mrw,nef,orf,pef,pxn,raf,raw,rdc,sr2,srf,x3f,arw,3fr,cine,ia,kc2,mef,nrw,qtk,rw2,sti,rwl,srw",plugins/impex/raw/krita_raw_import.json,,
Krita RGBE Import Filter,import,image/vnd.radiance,hdr,plugins/impex/rgbe/krita_rgbe_import.json,,
Krita SVG Import Filter,import,image/svg+xml,svg,plugins/impex/svg/krita_svg_import.json,,
Krita TGA Import Filter,import,image/x-tga,tga,plugins/impex/tga/krita_tga_import.json,,
Krita TIFF Import Filter,import,image/tiff,"tif,tiff",plugins/impex/tiff/krita_tiff_import.json,,
Krita WebP Import Filter,import,image/webp,webp,plugins/impex/webp/krita_webp_import.json,,
Krita exr Import Filter,import,"image/x-exr,application/x-extension-exr",exr,plugins/impex/exr/krita_exr_import.json,,
Krita jpeg2000 Import Filter,import,"image/jp2,image/jpeg2000,image/jpx,image/jpeg2000-image,image/x-jpeg2000-image","jp2,jpx,jpf",plugins/impex/jp2/krita_jp2_import.json,,
Krita ora Import Filter,import,image/openraster,ora,plugins/impex/ora/krita_ora_import.json,,
