id,title,kind,source,new_location,tested
asc-cdl,"Slope, Offset, Power(ASC-CDL)",filter,plugins/filters/asccdl/kis_asccdl_filter.h,,
autocontrast,Auto Contrast,filter,plugins/filters/colorsfilters/colorsfilters.h,,
blur,Blur,filter,plugins/filters/blur/kis_blur_filter.h,,
colorbalance,Color Balance,filter,plugins/filters/colorsfilters/kis_color_balance_filter.h,,
colortoalpha,Color to Alpha,filter,plugins/filters/colors/kis_color_to_alpha.h,,
colortransfer,Color Transfer,filter,plugins/filters/fastcolortransfer/fastcolortransfer.h,,
crosschannel,Cross-channel color adjustment,filter,plugins/filters/colorsfilters/kis_cross_channel_filter.h,,
desaturate,Desaturate,filter,plugins/filters/colorsfilters/kis_desaturate_filter.h,,
edge detection,Edge Detection,filter,plugins/filters/edgedetection/kis_edge_detection_filter.h,,
emboss,Emboss with Variable Depth,filter,plugins/filters/embossfilter/kis_emboss_filter.h,,
emboss all directions,Emboss in All Directions,filter,plugins/filters/convolutionfilters/convolutionfilters.h,,
emboss diagonal,Emboss Diagonal,filter,plugins/filters/convolutionfilters/convolutionfilters.h,,
emboss horizontal and vertical,Emboss Horizontal & Vertical,filter,plugins/filters/convolutionfilters/convolutionfilters.h,,
emboss horizontal only,Emboss Horizontal Only,filter,plugins/filters/convolutionfilters/convolutionfilters.h,,
emboss laplascian,Emboss (Laplacian),filter,plugins/filters/convolutionfilters/convolutionfilters.h,,
emboss vertical only,Emboss Vertical Only,filter,plugins/filters/convolutionfilters/convolutionfilters.h,,
fastcoloroverlay,Fast Color Overlay,filter,plugins/filters/colors/KisFilterFastColorOverlay.h,,
gaussian blur,Gaussian Blur,filter,plugins/filters/blur/kis_gaussian_blur_filter.h,,
gaussianhighpass,Gaussian High Pass,filter,plugins/filters/gaussianhighpass/gaussianhighpass_filter.h,,
gaussiannoisereducer,Gaussian Noise Reducer,filter,plugins/filters/imageenhancement/kis_simple_noise_reducer.h,,
gradientmap,Gradient Map,filter,plugins/filters/gradientmap/KisGradientMapFilter.h,,
halftone,Halftone,filter,plugins/filters/halftone/KisHalftoneFilter.h,,
height to normal,Height to Normal Map,filter,plugins/filters/convertheightnormalmap/kis_convert_height_to_normal_map_filter.h,,
hsvadjustment,HSV/HSL Adjustment,filter,plugins/filters/colorsfilters/kis_hsv_adjustment_filter.h,,
indexcolors,Index Colors,filter,plugins/filters/indexcolors/indexcolors.h,,
lens blur,Lens Blur,filter,plugins/filters/blur/kis_lens_blur_filter.h,,
maximize,Maximize Channel,filter,plugins/filters/colors/kis_minmax_filters.h,,
mean removal,Mean Removal,filter,plugins/filters/convolutionfilters/convolutionfilters.h,,
minimize,Minimize Channel,filter,plugins/filters/colors/kis_minmax_filters.h,,
motion blur,Motion Blur,filter,plugins/filters/blur/kis_motion_blur_filter.h,,
noise,Random Noise,filter,plugins/filters/noisefilter/noisefilter.h,,
normalize,Normalize,filter,plugins/filters/normalize/kis_normalize.cpp,,
oilpaint,Oilpaint,filter,plugins/filters/oilpaintfilter/kis_oilpaint_filter.h,,
palettize,Palettize,filter,plugins/filters/palettize/palettize.h,,
perchannel,Color Adjustment,filter,plugins/filters/colorsfilters/kis_perchannel_filter.h,,
phongbumpmap,Phong Bumpmap,filter,plugins/filters/phongbumpmap/kis_phong_bumpmap_filter.cpp,,
pixelize,Pixelize,filter,plugins/filters/pixelizefilter/kis_pixelize_filter.h,,
posterize,Posterize,filter,plugins/filters/posterize/posterize.h,,
raindrops,Raindrops,filter,plugins/filters/raindropsfilter/kis_raindrops_filter.h,,
randompick,Random Pick,filter,plugins/filters/randompickfilter/randompickfilter.h,,
resettransparent,Reset Transparent,filter,plugins/filters/resettransparent/KisResetTransparentFilter.h,,
roundcorners,Round Corners,filter,plugins/filters/roundcorners/kis_round_corners_filter.h,,
sharpen,Sharpen,filter,plugins/filters/convolutionfilters/convolutionfilters.h,,
smalltiles,Small Tiles,filter,plugins/filters/smalltilesfilter/kis_small_tiles_filter.h,,
threshold,Threshold,filter,plugins/filters/threshold/threshold.h,,
unsharp,Unsharp Mask,filter,plugins/filters/unsharp/kis_unsharp_filter.h,,
wave,Wave,filter,plugins/filters/wavefilter/wavefilter.h,,
waveletnoisereducer,Wavelet Noise Reducer,filter,plugins/filters/imageenhancement/kis_wavelet_noise_reduction.h,,
