id,source,new_location,tested
KisAdjustmentLayer,libs/image/kis_adjustment_layer.h,,
KisCloneLayer,libs/image/kis_clone_layer.h,,
KisColorizeMask,libs/image/lazybrush/kis_colorize_mask.h,,
KisEffectMask,libs/image/kis_effect_mask.h,,
KisExternalLayer,libs/image/kis_external_layer_iface.h,,
KisFileLayer,libs/ui/kis_file_layer.h,,
KisFilterMask,libs/image/kis_filter_mask.h,,
KisGeneratorLayer,libs/image/generator/kis_generator_layer.h,,
KisGroupLayer,libs/image/kis_group_layer.h,,
KisLayer,libs/image/kis_layer.h,,
KisMask,libs/image/kis_mask.h,,
KisPaintLayer,libs/image/kis_paint_layer.h,,
KisReferenceImagesLayer,libs/ui/flake/KisReferenceImagesLayer.h,,
KisSelectionBasedLayer,libs/image/kis_selection_based_layer.h,,
KisSelectionMask,libs/image/kis_selection_mask.h,,
KisShapeLayer,libs/ui/flake/kis_shape_layer.h,,
KisTransformMask,libs/image/kis_transform_mask.h,,
KisTransparencyMask,libs/image/kis_transparency_mask.h,,
