id,title,source,new_location,tested
InteractionTool (KoInteractionTool_ID),Shape Selection Tool,plugins/tools/defaulttool,,
KarbonCalligraphyTool,Calligraphy,plugins/tools/karbonplugins/tools/CalligraphyTool/KarbonCalligraphyToolFactory.cpp,,
KisAssistantTool,Assistant Tool,plugins/assistants/Assistants/kis_assistant_tool.h,,
KisToolCrop,Crop Tool,plugins/tools/tool_crop/kis_tool_crop.h,,
KisToolEncloseAndFill,Enclose and Fill Tool,plugins/tools/tool_enclose_and_fill/KisToolEncloseAndFillFactory.h,,
KisToolPath,Bezier Curve Tool: Shift-mouseclick ends the curve.,plugins/tools/basictools/kis_tool_path.h,,
KisToolPencil,Freehand Path Tool,plugins/tools/basictools/kis_tool_pencil.h,,
KisToolPolygon,Polygon Tool: Shift-mouseclick ends the polygon.,plugins/tools/tool_polygon/kis_tool_polygon.h,,
KisToolPolyline,Polyline Tool: Shift-mouseclick ends the polyline.,plugins/tools/tool_polyline/kis_tool_polyline.h,,
KisToolSelectContiguous,Contiguous Selection Tool,plugins/tools/selectiontools/kis_tool_select_contiguous.h,,
KisToolSelectElliptical,Elliptical Selection Tool,plugins/tools/selectiontools/kis_tool_select_elliptical.h,,
KisToolSelectMagnetic,Magnetic Selection Tool,plugins/tools/selectiontools/KisToolSelectMagnetic.h,,
KisToolSelectOutline,Freehand Selection Tool,plugins/tools/selectiontools/kis_tool_select_outline.h,,
KisToolSelectPath,Bezier Curve Selection Tool,plugins/tools/selectiontools/kis_tool_select_path.h,,
KisToolSelectPolygonal,Polygonal Selection Tool,plugins/tools/selectiontools/kis_tool_select_polygonal.h,,
KisToolSelectRectangular,Rectangular Selection Tool,plugins/tools/selectiontools/kis_tool_select_rectangular.h,,
KisToolSelectSimilar,Similar Color Selection Tool,plugins/tools/selectiontools/kis_tool_select_similar.h,,
KisToolTransform,Transform a layer or a selection,plugins/tools/tool_transform2/kis_tool_transform.h,,
KritaFill/KisToolFill,Fill Tool,plugins/tools/basictools/kis_tool_fill.h,,
KritaFill/KisToolGradient,Gradient Tool,plugins/tools/basictools/kis_tool_gradient.h,,
KritaSelected/KisToolColorSampler,Color Sampler Tool,plugins/tools/basictools/kis_tool_colorsampler.h,,
KritaShape/KisToolBrush,Freehand Brush Tool,plugins/tools/basictools/kis_tool_brush.h,,
KritaShape/KisToolDyna,Dynamic Brush Tool,plugins/tools/tool_dyna/kis_tool_dyna.h,,
KritaShape/KisToolEllipse,Ellipse Tool,plugins/tools/basictools/kis_tool_ellipse.h,,
KritaShape/KisToolKnife,Comic Panel Editing Tool,plugins/tools/tool_knife/KisToolKnife.h,,
KritaShape/KisToolLazyBrush,Colorize Mask Editing Tool,plugins/tools/tool_lazybrush/kis_tool_lazy_brush.h,,
KritaShape/KisToolLine,Line Tool,plugins/tools/basictools/kis_tool_line.h,,
KritaShape/KisToolMeasure,Measure Tool,plugins/tools/basictools/kis_tool_measure.h,,
KritaShape/KisToolRectangle,Rectangle Tool,plugins/tools/basictools/kis_tool_rectangle.h,,
KritaShape/KisToolSmartPatch,Smart Patch Tool,plugins/tools/tool_smart_patch/kis_tool_smart_patch.h,,
KritaTransform/KisToolMove,Move Tool,plugins/tools/basictools/kis_tool_move.h,,
PanTool,Pan Tool,plugins/tools/basictools/kis_tool_pan.cpp,,
PathTool,Edit Shapes Tool,libs/flake/tools/KoPathToolFactory.cpp,,
SvgTextTool,SVG Text Tool,plugins/tools/svgtexttool/SvgTextToolFactory.cpp,,
ZoomTool,Zoom,libs/flake/tools/KoZoomToolFactory.cpp,,
