name,text,category,desktop_menu,phone_location,status,tested
add_blank_frame,Create Blank Frame,Animation,,Menu › All commands › Animation,reachable,ok
add_duplicate_frame,Create Duplicate Frame,Animation,,Menu › All commands › Animation,reachable,ok
add_scalar_keyframes,Add scalar keyframes,Animation,,Menu › All commands › Animation,reachable,ok
auto_key,Auto Frame Mode,Animation,,Menu › All commands › Animation,reachable,ok
clear_animation_cache,Clear Cache,Animation,,Menu › All commands › Animation,reachable,ok
copy_columns_to_clipboard,Copy Columns,Animation,,Menu › All commands › Animation,reachable,ok
copy_frames,Copy Keyframes,Animation,,Menu › All commands › Animation,reachable,ok
copy_frames_as_clones,Clone Keyframes,Animation,,Menu › All commands › Animation,reachable,ok
cut_columns_to_clipboard,Cut Columns,Animation,,Menu › All commands › Animation,reachable,ok
cut_frames,Cut Keyframes,Animation,,Menu › All commands › Animation,reachable,ok
drop_frames,Drop Frames,Animation,,Menu › All commands › Animation,reachable,ok
first_frame,First Frame,Animation,,Menu › All commands › Animation,reachable,ok
insert_column_left,Insert Column Left,Animation,,Menu › All commands › Animation,reachable,ok
insert_column_right,Insert Column Right,Animation,,Menu › All commands › Animation,reachable,ok
insert_hold_column,Insert Hold Column,Animation,,Menu › All commands › Animation,reachable,ok
insert_hold_frame,Insert Hold Frame,Animation,,Menu › All commands › Animation,reachable,ok
insert_keyframe_left,Insert Keyframe Left,Animation,,Menu › All commands › Animation,reachable,ok
insert_keyframe_right,Insert Keyframe Right,Animation,,Menu › All commands › Animation,reachable,ok
insert_multiple_columns,Insert Multiple Columns,Animation,,Menu › All commands › Animation,reachable,ok
insert_multiple_hold_columns,Insert Multiple Hold Columns,Animation,,Menu › All commands › Animation,reachable,ok
insert_multiple_hold_frames,Insert Multiple Hold Frames,Animation,,Menu › All commands › Animation,reachable,ok (opened QInputDialog)
insert_multiple_keyframes,Insert Multiple Keyframes,Animation,,Menu › All commands › Animation,reachable,ok
last_frame,Last Frame,Animation,,Menu › All commands › Animation,reachable,ok
make_clones_unique,Make Unique,Animation,,Menu › All commands › Animation,reachable,ok
mirror_columns,Mirror Columns,Animation,,Menu › All commands › Animation,reachable,ok
mirror_frames,Mirror Frames,Animation,,Menu › All commands › Animation,reachable,disabled (not available in this state)
next_frame,Next Frame,Animation,,Menu › All commands › Animation,reachable,ok
next_keyframe,Next Keyframe,Animation,,Menu › All commands › Animation,reachable,ok
next_matching_keyframe,Next Matching Keyframe,Animation,,Menu › All commands › Animation,reachable,ok
next_unfiltered_keyframe,Next Unfiltered Keyframe,Animation,,Menu › All commands › Animation,reachable,ok
paste_columns_from_clipboard,Paste Columns,Animation,,Menu › All commands › Animation,reachable,ok
paste_frames,Paste Keyframes,Animation,,Menu › All commands › Animation,reachable,ok
pin_to_timeline,Pin to Timeline,Animation,,Menu › All commands › Animation,reachable,ok
previous_frame,Previous Frame,Animation,,Menu › All commands › Animation,reachable,ok
previous_keyframe,Previous Keyframe,Animation,,Menu › All commands › Animation,reachable,ok
previous_matching_keyframe,Previous Matching Keyframe,Animation,,Menu › All commands › Animation,reachable,ok
previous_unfiltered_keyframe,Previous Unfiltered Keyframe,Animation,,Menu › All commands › Animation,reachable,ok
remove_columns,Remove Column,Animation,,Menu › All commands › Animation,reachable,ok
remove_columns_and_pull,Remove Column and Pull,Animation,,Menu › All commands › Animation,reachable,ok
remove_frames,Remove Keyframe,Animation,,Menu › All commands › Animation,reachable,ok
remove_frames_and_pull,Remove Frame and Pull,Animation,,Menu › All commands › Animation,reachable,ok
remove_hold_column,Remove Hold Column,Animation,,Menu › All commands › Animation,reachable,ok
remove_hold_frame,Remove Hold Frame,Animation,,Menu › All commands › Animation,reachable,ok
remove_multiple_hold_columns,Remove Multiple Hold Columns,Animation,,Menu › All commands › Animation,reachable,ok
remove_multiple_hold_frames,Remove Multiple Hold Frames,Animation,,Menu › All commands › Animation,reachable,ok
remove_scalar_keyframe,Remove scalar keyframe,Animation,,Menu › All commands › Animation,reachable,ok
set_end_time,Set End Time,Animation,,Menu › All commands › Animation,reachable,ok
set_start_time,Set Start Time,Animation,,Menu › All commands › Animation,reachable,ok
stop_playback,Stop animation,Animation,,Menu › All commands › Animation,reachable,ok
toggle_onion_skin,Toggle onion skin,Animation,,Menu › All commands › Animation,reachable,ok
toggle_playback,Play / pause animation,Animation,,Menu › All commands › Animation,reachable,ok
update_playback_range,Update Playback Range,Animation,,Menu › All commands › Animation,reachable,ok
Next Blending Mode,Next Blending Mode,Blending Modes,,Menu › All commands › Blending Modes,reachable,ok
Previous Blending Mode,Previous Blending Mode,Blending Modes,,Menu › All commands › Blending Modes,reachable,ok
Select Behind Blending Mode,Select Behind Blending Mode,Blending Modes,,Menu › All commands › Blending Modes,reachable,ok
Select Clear Blending Mode,Select Clear Blending Mode,Blending Modes,,Menu › All commands › Blending Modes,reachable,ok
Select Color Blending Mode,Select Color Blending Mode,Blending Modes,,Menu › All commands › Blending Modes,reachable,ok
Select Color Burn Blending Mode,Select Color Burn Blending Mode,Blending Modes,,Menu › All commands › Blending Modes,reachable,ok
Select Color Dodge Blending Mode,Select Color Dodge Blending Mode,Blending Modes,,Menu › All commands › Blending Modes,reachable,ok
Select Darken Blending Mode,Select Darken Blending Mode,Blending Modes,,Menu › All commands › Blending Modes,reachable,ok
Select Difference Blending Mode,Select Difference Blending Mode,Blending Modes,,Menu › All commands › Blending Modes,reachable,ok
Select Dissolve Blending Mode,Select Dissolve Blending Mode,Blending Modes,,Menu › All commands › Blending Modes,reachable,ok
Select Exclusion Blending Mode,Select Exclusion Blending Mode,Blending Modes,,Menu › All commands › Blending Modes,reachable,ok
Select Hard Light Blending Mode,Select Hard Light Blending Mode,Blending Modes,,Menu › All commands › Blending Modes,reachable,ok
Select Hard Mix Blending Mode,Select Hard Mix Blending Mode,Blending Modes,,Menu › All commands › Blending Modes,reachable,ok
Select Hard Overlay Blending Mode,Select Hard Overlay Blending Mode,Blending Modes,,Menu › All commands › Blending Modes,reachable,ok
Select Hue Blending Mode,Select Hue Blending Mode,Blending Modes,,Menu › All commands › Blending Modes,reachable,ok
Select Lighten Blending Mode,Select Lighten Blending Mode,Blending Modes,,Menu › All commands › Blending Modes,reachable,ok
Select Linear Burn Blending Mode,Select Linear Burn Blending Mode,Blending Modes,,Menu › All commands › Blending Modes,reachable,ok
Select Linear Dodge Blending Mode,Select Linear Dodge Blending Mode,Blending Modes,,Menu › All commands › Blending Modes,reachable,ok
Select Linear Light Blending Mode,Select Linear Light Blending Mode,Blending Modes,,Menu › All commands › Blending Modes,reachable,ok
Select Luminosity Blending Mode,Select Luminosity Blending Mode,Blending Modes,,Menu › All commands › Blending Modes,reachable,ok
Select Multiply Blending Mode,Select Multiply Blending Mode,Blending Modes,,Menu › All commands › Blending Modes,reachable,ok
Select Normal Blending Mode,Select Normal Blending Mode,Blending Modes,,Menu › All commands › Blending Modes,reachable,ok
Select Overlay Blending Mode,Select Overlay Blending Mode,Blending Modes,,Menu › All commands › Blending Modes,reachable,ok
Select Pin Light Blending Mode,Select Pin Light Blending Mode,Blending Modes,,Menu › All commands › Blending Modes,reachable,ok
Select Saturation Blending Mode,Select Saturation Blending Mode,Blending Modes,,Menu › All commands › Blending Modes,reachable,ok
Select Screen Blending Mode,Select Screen Blending Mode,Blending Modes,,Menu › All commands › Blending Modes,reachable,ok
Select Soft Light Blending Mode,Select Soft Light Blending Mode,Blending Modes,,Menu › All commands › Blending Modes,reachable,ok
Select Vivid Light Blending Mode,Select Vivid Light Blending Mode,Blending Modes,,Menu › All commands › Blending Modes,reachable,ok
brushslider1,Brush option slider 1,Brushes and Stuff,Toolbar: BrushesAndStuff,Menu › All commands › Brushes and Stuff,reachable,ok
brushslider2,Brush option slider 2,Brushes and Stuff,Toolbar: BrushesAndStuff,Menu › All commands › Brushes and Stuff,reachable,ok
brushslider3,Brush option slider 3,Brushes and Stuff,,Menu › All commands › Brushes and Stuff,reachable,ok (opened QFrame)
brushslider4,Brush option slider 4,Brushes and Stuff,,Menu › All commands › Brushes and Stuff,reachable,ok
brushslider5,Brush option slider 5,Brushes and Stuff,,Menu › All commands › Brushes and Stuff,reachable,ok
chooseBackgroundColor,Choose Background Color,Brushes and Stuff,,Menu › All commands › Brushes and Stuff,reachable,ok (opened KisDlgInternalColorSelector)
chooseForegroundColor,Choose Foreground Color,Brushes and Stuff,,Menu › All commands › Brushes and Stuff,reachable,ok
dual,Color,Brushes and Stuff,Toolbar: BrushesAndStuff,Menu › All commands › Brushes and Stuff,reachable,ok
gradients,Gradients,Brushes and Stuff,Toolbar: BrushesAndStuff,Menu › All commands › Brushes and Stuff,reachable,ok (opened QFrame)
mirror_actions,Mirror,Brushes and Stuff,Toolbar: BrushesAndStuff,Menu › All commands › Brushes and Stuff,reachable,ok
patterns,Patterns,Brushes and Stuff,Toolbar: BrushesAndStuff,Menu › All commands › Brushes and Stuff,reachable,ok
select_layout,Layouts,Brushes and Stuff,Toolbar: BrushesAndStuff,,not created at runtime,
workspaces,Workspaces,Brushes and Stuff,Toolbar: BrushesAndStuff,Menu › All commands › Brushes and Stuff,reachable,ok (opened QFrame)
clear,Clear,Edit,Edit,Menu › Edit,reachable,ok
copy_layer_style,Copy Layer Style,Edit,Edit,Menu › Edit,reachable,ok
copy_merged,Copy merged,Edit,Edit,Menu › Edit,reachable,disabled (not available in this state)
copy_sharp,Copy (sharp),Edit,Edit,Menu › Edit,reachable,disabled (not available in this state)
cut_sharp,Cut (sharp),Edit,Edit,Menu › Edit,reachable,disabled (not available in this state)
delete_keyframe,Delete keyframe,Edit,,,not created at runtime,
edit_copy,Copy,Edit,Edit | Toolbar: Main Toolbar | Toolbar: mainToolBar,Menu › Edit,reachable,ok
edit_cut,Cut,Edit,Edit | Toolbar: Main Toolbar | Toolbar: mainToolBar,Menu › Edit,reachable,ok
edit_paste,Paste,Edit,Edit | Toolbar: Main Toolbar | Toolbar: mainToolBar,Menu › Edit,reachable,ok
edit_redo,Redo,Edit,Edit | Toolbar: Main Toolbar | Toolbar: editToolBar | Toolbar: mainToolBar,Menu › Edit,reachable,ok
edit_undo,Undo,Edit,Edit | Toolbar: Main Toolbar | Toolbar: editToolBar | Toolbar: mainToolBar,Menu › Edit,reachable,ok
fill_selection_background_color,Fill with Background Color,Edit,Edit,Menu › Edit,reachable,disabled (not available in this state)
fill_selection_foreground_color,Fill with Foreground Color,Edit,Edit,Menu › Edit,reachable,disabled (not available in this state)
fill_selection_pattern,Fill with Pattern,Edit,Edit,Menu › Edit,reachable,disabled (not available in this state)
paste_as_reference,Paste as Reference Image,Edit,Edit,Menu › Edit,reachable,ok
paste_at,Paste at Cursor,Edit,Edit,Menu › Edit,reachable,ok (opened KisDlgMissingColorProfile)
paste_into,Paste into Active Layer,Edit,Edit,Menu › Edit,reachable,disabled (not available in this state)
paste_layer_style,Paste Layer Style,Edit,Edit,Menu › Edit,reachable,ok
paste_new,Paste into New Image,Edit,Edit,Menu › Edit,reachable,ok
paste_shape_style,Paste Shape Style,Edit,Edit,Menu › Edit,reachable,disabled (not available in this state)
stroke_selection,Stroke Selection...,Edit,Edit,Menu › Edit,reachable,disabled (not available in this state)
stroke_shapes,Stroke selected shapes,Edit,Edit,Menu › Edit,reachable,disabled (not available in this state)
create_copy,Create Copy From Current Image,File,File,Menu › File,reachable,ok
create_template,Create Template From Image...,File,File,Menu › File,reachable,ok (opened KisTemplateCreateDia)
file_close,Close,File,File,Menu › Window,reachable,skipped (closes the test document)
file_close_all,Close All,File,File,Menu › Window,reachable,skipped (closes the test document)
file_documentinfo,Document Information,File,File,Menu › File,reachable,ok
file_export_advanced,Export Advanced...,File,File,Menu › File,reachable,ok
file_export_file,Export...,File,File,Menu › File,reachable,ok (opened KisPreviewFileDialog)
file_import_animation,Import animation frames...,File,File,Menu › File,reachable,ok
file_import_file,Open existing Document as Untitled Document...,File,File,Menu › File,reachable,ok (opened KisPreviewFileDialog)
file_import_video_animation,Import video animation...,File,File,Menu › File,reachable,ok (opened KisDlgImportVideoAnimation)
file_new,New...,File,File | Toolbar: Main Toolbar | Toolbar: mainToolBar,Menu › File,reachable,ok (opened KisOpenPane)
file_open,Open...,File,File | Toolbar: Main Toolbar | Toolbar: mainToolBar,Menu › File,reachable,ok
file_open_recent,Open Recent,File,File,Menu › All commands › File,reachable,disabled (not available in this state)
file_quit,Quit,File,File,Menu › File,reachable,skipped (quits Krita)
file_save,Save,File,File | Toolbar: Main Toolbar | Toolbar: mainToolBar,Menu › File,reachable,ok (opened KisPreviewFileDialog)
file_save_as,Save As...,File,File,Menu › File,reachable,ok (opened KisPreviewFileDialog)
file_sessions,Sessions...,File,File,Menu › File,reachable,ok
render_animation,Render Animation...,File,File,Menu › File,reachable,disabled (not available in this state)
render_animation_again,Render Animation Again,File,,Menu › All commands › File,reachable,skipped (renders files with the last settings)
save_incremental_backup,Save Incremental Backup,File,File,Menu › File,reachable,ok
save_incremental_version,Save Incremental Version,File,File,Menu › File,reachable,ok
QMic,Start G'MIC-Qt,Filter,Filter,Menu › Filter,reachable,disabled (not available in this state)
QMicAgain,Re-apply the last G'MIC filter,Filter,Filter,Menu › Filter,reachable,disabled (not available in this state)
adjust_filters,Adjust,Filter,Filter,Menu › All commands › Filter,reachable,ok
artistic_filters,Artistic,Filter,Filter,Menu › All commands › Filter,reachable,ok
blur_filters,Blur,Filter,Filter,Menu › All commands › Filter,reachable,ok
color_filters,Colors,Filter,Filter,Menu › All commands › Filter,reachable,ok
edge_filters,Edge Detection,Filter,Filter,Menu › All commands › Filter,reachable,ok
emboss_filters,Emboss,Filter,Filter,Menu › All commands › Filter,reachable,ok
enhance_filters,Enhance,Filter,Filter,Menu › All commands › Filter,reachable,ok
filter_apply_again,Apply Filter Again,Filter,Filter,Menu › Filter,reachable,disabled (not available in this state)
filter_apply_reprompt,Apply Filter Again (Reprompt),Filter,Filter,Menu › Filter,reachable,disabled (not available in this state)
map_filters,Map,Filter,Filter,Menu › All commands › Filter,reachable,ok
other_filters,Other,Filter,Filter,Menu › All commands › Filter,reachable,ok
krita_filter_asc-cdl,"Slope, Offset, Power Filter",Filters,,Menu › Filter › Adjust,reachable,disabled (not available in this state)
krita_filter_autocontrast,Auto Contrast,Filters,,Menu › Filter › Adjust,reachable,disabled (not available in this state)
krita_filter_blur,Blur...,Filters,,Menu › Filter › Blur,reachable,disabled (not available in this state)
krita_filter_bottom edge detections,Bottom Edge Detection,Filters,,,not created at runtime,
krita_filter_burn,Burn,Filters,,Menu › Filter › Adjust,reachable,disabled (not available in this state)
krita_filter_colorbalance,Color Balance...,Filters,,Menu › Filter › Adjust,reachable,disabled (not available in this state)
krita_filter_colortoalpha,Color to Alpha...,Filters,,Menu › Filter › Colors,reachable,disabled (not available in this state)
krita_filter_colortransfer,Color Transfer...,Filters,,Menu › Filter › Colors,reachable,disabled (not available in this state)
krita_filter_crosschannel,Cross-channel adjustment Filter,Filters,,Menu › Filter › Adjust,reachable,disabled (not available in this state)
krita_filter_desaturate,Desaturate,Filters,,Menu › Filter › Adjust,reachable,disabled (not available in this state)
krita_filter_dodge,Dodge,Filters,,Menu › Filter › Adjust,reachable,disabled (not available in this state)
krita_filter_emboss,Emboss with Variable Depth...,Filters,,Menu › Filter › Emboss,reachable,disabled (not available in this state)
krita_filter_emboss all directions,Emboss in All Directions,Filters,,Menu › Filter › Emboss,reachable,disabled (not available in this state)
krita_filter_emboss horizontal and vertical,Emboss Horizontal Vertical,Filters,,Menu › Filter › Emboss,reachable,disabled (not available in this state)
krita_filter_emboss horizontal only,Emboss Horizontal Only,Filters,,Menu › Filter › Emboss,reachable,disabled (not available in this state)
krita_filter_emboss laplascian,Emboss (Laplacian),Filters,,Menu › Filter › Emboss,reachable,disabled (not available in this state)
krita_filter_emboss vertical only,Emboss Vertical Only,Filters,,Menu › Filter › Emboss,reachable,disabled (not available in this state)
krita_filter_gaussian blur,Gaussian Blur...,Filters,,Menu › Filter › Blur,reachable,disabled (not available in this state)
krita_filter_gaussianhighpass,Gaussian High Pass Filter,Filters,,Menu › Filter › Edge Detection,reachable,disabled (not available in this state)
krita_filter_gaussiannoisereducer,Gaussian Noise Reduction...,Filters,,Menu › Filter › Enhance,reachable,disabled (not available in this state)
krita_filter_gradientmap,gradientmap Filter,Filters,,Menu › Filter › Map,reachable,disabled (not available in this state)
krita_filter_halftone,Halftone Filter,Filters,,Menu › Filter › Artistic,reachable,disabled (not available in this state)
krita_filter_height to normal,Height to Normal Map Filter,Filters,,Menu › Filter › Edge Detection,reachable,disabled (not available in this state)
krita_filter_hsvadjustment,HSV Adjustment...,Filters,,Menu › Filter › Adjust,reachable,disabled (not available in this state)
krita_filter_indexcolors,Index Colors...,Filters,,Menu › Filter › Artistic,reachable,disabled (not available in this state)
krita_filter_invert,Invert,Filters,,Menu › Filter › Adjust,reachable,disabled (not available in this state)
krita_filter_left edge detections,Left Edge Detection,Filters,,,not created at runtime,
krita_filter_lens blur,Lens Blur...,Filters,,Menu › Filter › Blur,reachable,disabled (not available in this state)
krita_filter_levels,Levels...,Filters,,Menu › Filter › Adjust,reachable,disabled (not available in this state)
krita_filter_maximize,Maximize Channel,Filters,,Menu › Filter › Colors,reachable,disabled (not available in this state)
krita_filter_mean removal,Mean Removal,Filters,,Menu › Filter › Enhance,reachable,disabled (not available in this state)
krita_filter_minimize,Minimize Channel,Filters,,Menu › Filter › Colors,reachable,disabled (not available in this state)
krita_filter_motion blur,Motion Blur...,Filters,,Menu › Filter › Blur,reachable,disabled (not available in this state)
krita_filter_noise,Random Noise...,Filters,,Menu › Filter › Other,reachable,disabled (not available in this state)
krita_filter_normalize,Normalize Filter,Filters,,Menu › Filter › Map,reachable,disabled (not available in this state)
krita_filter_oilpaint,Oilpaint...,Filters,,Menu › Filter › Artistic,reachable,disabled (not available in this state)
krita_filter_palettize,Palettize Filter,Filters,,Menu › Filter › Map,reachable,disabled (not available in this state)
krita_filter_perchannel,Color Adjustment curves...,Filters,,Menu › Filter › Adjust,reachable,disabled (not available in this state)
krita_filter_phongbumpmap,Phong Bumpmap...,Filters,,Menu › Filter › Map,reachable,disabled (not available in this state)
krita_filter_pixelize,Pixelize...,Filters,,Menu › Filter › Artistic,reachable,disabled (not available in this state)
krita_filter_posterize,Posterize...,Filters,,Menu › Filter › Artistic,reachable,disabled (not available in this state)
krita_filter_propagatecolors,Propagate Colors Filter,Filters,,Menu › Filter › Colors,reachable,disabled (not available in this state)
krita_filter_raindrops,Raindrops...,Filters,,Menu › Filter › Artistic,reachable,disabled (not available in this state)
krita_filter_randompick,Random Pick...,Filters,,Menu › Filter › Other,reachable,disabled (not available in this state)
krita_filter_right edge detections,Right Edge Detection,Filters,,,not created at runtime,
krita_filter_roundcorners,Round Corners...,Filters,,Menu › Filter › Map,reachable,disabled (not available in this state)
krita_filter_sharpen,Sharpen,Filters,,Menu › Filter › Enhance,reachable,disabled (not available in this state)
krita_filter_smalltiles,Small Tiles...,Filters,,Menu › Filter › Map,reachable,disabled (not available in this state)
krita_filter_sobel,Sobel...,Filters,,,not created at runtime,
krita_filter_threshold,Threshold Filter,Filters,,Menu › Filter › Adjust,reachable,disabled (not available in this state)
krita_filter_top edge detections,Top Edge Detection,Filters,,,not created at runtime,
krita_filter_unsharp,Unsharp Mask...,Filters,,Menu › Filter › Enhance,reachable,disabled (not available in this state)
krita_filter_wave,Wave...,Filters,,Menu › Filter › Other,reachable,disabled (not available in this state)
krita_filter_waveletnoisereducer,Wavelet Noise Reducer...,Filters,,Menu › Filter › Enhance,reachable,disabled (not available in this state)
buginfo,Show Krita log for bug reports.,General,Help,Menu › Help,reachable,ok (opened DlgKritaLog)
color_management_report,Show color management information,General,Help,,not created at runtime,
command_bar_open,Search Actions,General,,Menu › All commands › General,reachable,ok (opened KateCommandBar)
crashlog,Show crash log for bug reports.,General,Help,,not created at runtime,
create_bundle,Create Resource Bundle...,General,,,not created at runtime,
create_snapshot,Create Snapshot,General,,Menu › All commands › General,reachable,ok
docker_box,Show Docker Box,General,,Menu › All commands › General,reachable,ok
invert_selection,Invert Selection,General,Select,Menu › Select,reachable,ok
lock_toolbars,Lock Toolbars,General,Settings,Menu › Settings,reachable,ok
logcatdump,Show Android log for bug reports.,General,Help,,not created at runtime,
mainToolBar,Show File Toolbar,General,,Menu › All commands › General,reachable,ok
open_resources_directory,Open Resources Folder,General,,Menu › All commands › General,reachable,ok
remove_snapshot,Remove Selected Snapshot,General,,Menu › All commands › General,reachable,ok
rename_composition,Rename Composition...,General,,Menu › All commands › General,reachable,ok
ruler_pixel_multiple2,Use multiple of 2 for pixel scale,General,,Menu › All commands › General,reachable,ok
sample_screen_color,Sample Screen Color,General,Edit,Menu › Edit,reachable,ok
sample_screen_color_real_canvas,Sample Screen Color (Sample Real Canvas),General,Edit,Menu › Edit,reachable,ok
show_brush_editor,Show Brush Editor,General,,Menu › All commands › General,reachable,ok
show_brush_presets,Show Brush Presets,General,,Menu › All commands › General,reachable,ok
show_color_history,Show color history,General,,Menu › All commands › General,reachable,ok
show_color_selector,Show color selector,General,,Menu › All commands › General,reachable,ok
show_common_colors,Show common colors,General,,Menu › All commands › General,reachable,ok
show_minimal_shade_selector,Show minimal shade selector,General,,Menu › All commands › General,reachable,ok
show_mypaint_shade_selector,Show MyPaint shade selector,General,,Menu › All commands › General,reachable,ok
show_tool_options,Show Tool Options,General,,,not created at runtime,
switchto_snapshot,Switch to Selected Snapshot,General,,Menu › All commands › General,reachable,ok
sysinfo,Show system information for bug reports.,General,Help,Menu › Help,reachable,ok
tablet_debugger,Toggle Tablet Debugger,General,,Menu › All commands › General,reachable,ok
update_composition,Update Composition,General,,Menu › All commands › General,reachable,ok
windows_cascade,Cascade,General,,Menu › All commands › General,reachable,ok
windows_tile,Tile,General,,Menu › All commands › General,reachable,ok
help_about_app,About Krita,Help,Help,Menu › Help,reachable,ok
help_about_kde,About KDE,Help,Help,Menu › Help,reachable,ok (opened KDEPrivate::KisKAboutKdeDialog)
help_contents,Krita Handbook,Help,Help,Menu › Help,reachable,skipped (opens a web browser)
help_report_bug,Report Bug...,Help,Help,Menu › Help,reachable,skipped (opens a web browser)
canvassize,Resize Canvas...,Image,Image,Menu › Image,reachable,ok
image_color,Image Background Color and Transparency...,Image,Image,Menu › Image,reachable,ok (opened QColorDialog)
image_properties,Properties...,Image,Image,Menu › Image,reachable,ok
imagecolorspaceconversion,Convert Image Color Space...,Image,Image,Menu › Image,reachable,ok (opened KisColorSpaceConversionDialog)
imagesize,Scale Image To New Size...,Image,Image,Menu › Image,reachable,ok (opened DlgImageSize)
imagesplit,Image Split,Image,Image,Menu › Image,reachable,ok (opened DlgImagesplit)
mirrorImageHorizontal,Mirror Image Horizontally,Image,Image | Image > Rotate,Menu › Image,reachable,ok
mirrorImageVertical,Mirror Image Vertically,Image,Image | Image > Rotate,Menu › Image,reachable,ok
offsetimage,Offset Image...,Image,Image,Menu › Image,reachable,ok (opened DlgOffsetImage)
purge_unused_image_data,Purge Unused Image Data,Image,Image,Menu › Image,reachable,ok
resizeimagetolayer,Trim to Current Layer,Image,Image,Menu › Image,reachable,ok
resizeimagetoselection,Trim to Selection,Image,Image,Menu › Image,reachable,disabled (not available in this state)
rotateImage180,Rotate Image 180°,Image,Image > Rotate,Menu › Image › Rotate,reachable,ok
rotateImageCCW90,Rotate Image 90° to the Left,Image,Image > Rotate,Menu › Image › Rotate,reachable,ok
rotateImageCW90,Rotate Image 90° to the Right,Image,Image > Rotate,Menu › Image › Rotate,reachable,ok
rotateimage,Rotate Image...,Image,Image > Rotate,Menu › Image › Rotate,reachable,ok
separate,Separate Image...,Image,Image,Menu › Image,reachable,ok (opened DlgSeparate)
shearimage,Shear Image...,Image,Image,Menu › Image,reachable,ok (opened DlgShearImage)
trim_to_image,Trim to Image Size,Image,Image,Menu › Image,reachable,ok
add_shape_to_flow_area,Flow Text in Shape,Interaction Tool,,Menu › All commands › Interaction Tool,reachable,disabled (not available in this state)
flow_shape_order_back,Set Flow Shape as Last,Interaction Tool,,Menu › All commands › Interaction Tool,reachable,disabled (not available in this state)
flow_shape_order_earlier,Move Shape Earlier In Chain.,Interaction Tool,,Menu › All commands › Interaction Tool,reachable,disabled (not available in this state)
flow_shape_order_front,Set Shape As First In Chain,Interaction Tool,,Menu › All commands › Interaction Tool,reachable,disabled (not available in this state)
flow_shape_order_later,Move Shape Later In Chain.,Interaction Tool,,Menu › All commands › Interaction Tool,reachable,disabled (not available in this state)
flow_shape_type_toggle,Toggle Flow Shape Type,Interaction Tool,,Menu › All commands › Interaction Tool,reachable,disabled (not available in this state)
object_align_horizontal_center,Horizontally Center,Interaction Tool,,Menu › All commands › Interaction Tool,reachable,disabled (not available in this state)
object_align_horizontal_left,Align Left,Interaction Tool,,Menu › All commands › Interaction Tool,reachable,disabled (not available in this state)
object_align_horizontal_right,Align Right,Interaction Tool,,Menu › All commands › Interaction Tool,reachable,disabled (not available in this state)
object_align_vertical_bottom,Align Bottom,Interaction Tool,,Menu › All commands › Interaction Tool,reachable,disabled (not available in this state)
object_align_vertical_center,Vertically Center,Interaction Tool,,Menu › All commands › Interaction Tool,reachable,disabled (not available in this state)
object_align_vertical_top,Align Top,Interaction Tool,,Menu › All commands › Interaction Tool,reachable,disabled (not available in this state)
object_distribute_horizontal_center,Distribute Centers Horizontally,Interaction Tool,,Menu › All commands › Interaction Tool,reachable,disabled (not available in this state)
object_distribute_horizontal_gaps,Distribute Horizontal Gap,Interaction Tool,,Menu › All commands › Interaction Tool,reachable,disabled (not available in this state)
object_distribute_horizontal_left,Distribute Left,Interaction Tool,,Menu › All commands › Interaction Tool,reachable,disabled (not available in this state)
object_distribute_horizontal_right,Distribute Right,Interaction Tool,,Menu › All commands › Interaction Tool,reachable,disabled (not available in this state)
object_distribute_vertical_bottom,Distribute Bottom,Interaction Tool,,Menu › All commands › Interaction Tool,reachable,disabled (not available in this state)
object_distribute_vertical_center,Distribute Centers Vertically,Interaction Tool,,Menu › All commands › Interaction Tool,reachable,disabled (not available in this state)
object_distribute_vertical_gaps,Distribute Vertical Gap,Interaction Tool,,Menu › All commands › Interaction Tool,reachable,disabled (not available in this state)
object_distribute_vertical_top,Distribute Top,Interaction Tool,,Menu › All commands › Interaction Tool,reachable,disabled (not available in this state)
object_group,Group shapes,Interaction Tool,,Menu › All commands › Interaction Tool,reachable,disabled (not available in this state)
object_intersect,Intersect,Interaction Tool,,Menu › All commands › Interaction Tool,reachable,disabled (not available in this state)
object_order_back,Send to Back,Interaction Tool,,Menu › All commands › Interaction Tool,reachable,disabled (not available in this state)
object_order_front,Bring to Front,Interaction Tool,,Menu › All commands › Interaction Tool,reachable,disabled (not available in this state)
object_order_lower,Lower,Interaction Tool,,Menu › All commands › Interaction Tool,reachable,disabled (not available in this state)
object_order_raise,Raise,Interaction Tool,,Menu › All commands › Interaction Tool,reachable,disabled (not available in this state)
object_split,Split,Interaction Tool,,Menu › All commands › Interaction Tool,reachable,disabled (not available in this state)
object_subtract,Subtract,Interaction Tool,,Menu › All commands › Interaction Tool,reachable,disabled (not available in this state)
object_transform_mirror_horizontally,Mirror Horizontally,Interaction Tool,,Menu › All commands › Interaction Tool,reachable,disabled (not available in this state)
object_transform_mirror_vertically,Mirror Vertically,Interaction Tool,,Menu › All commands › Interaction Tool,reachable,disabled (not available in this state)
object_transform_reset,Reset Transformations,Interaction Tool,,Menu › All commands › Interaction Tool,reachable,disabled (not available in this state)
object_transform_rotate_180,Rotate 180°,Interaction Tool,,Menu › All commands › Interaction Tool,reachable,disabled (not available in this state)
object_transform_rotate_90_ccw,Rotate 90° CCW,Interaction Tool,,Menu › All commands › Interaction Tool,reachable,disabled (not available in this state)
object_transform_rotate_90_cw,Rotate 90° CW,Interaction Tool,,Menu › All commands › Interaction Tool,reachable,disabled (not available in this state)
object_ungroup,Ungroup shapes,Interaction Tool,,Menu › All commands › Interaction Tool,reachable,disabled (not available in this state)
object_unite,Unite,Interaction Tool,,Menu › All commands › Interaction Tool,reachable,disabled (not available in this state)
put_text_on_path,Put Text On Path,Interaction Tool,,Menu › All commands › Interaction Tool,reachable,disabled (not available in this state)
remove_shapes_from_text_flow,Remove Shapes from Text Chain,Interaction Tool,,Menu › All commands › Interaction Tool,reachable,disabled (not available in this state)
subtract_shape_from_flow_area,Subtract Shape from Text Chain,Interaction Tool,,Menu › All commands › Interaction Tool,reachable,disabled (not available in this state)
text_type_inline_wrap,Convert Text To Inline Wrapped,Interaction Tool,,Menu › All commands › Interaction Tool,reachable,disabled (not available in this state)
text_type_pre_positioned,Convert Text To Pre-positioned,Interaction Tool,,Menu › All commands › Interaction Tool,reachable,disabled (not available in this state)
text_type_preformatted,Convert Text To Preformatted,Interaction Tool,,Menu › All commands › Interaction Tool,reachable,disabled (not available in this state)
change_interface_scale,Change Interface Scale...,Interface,Settings,,not created at runtime,
EditLayerMetaData,Edit metadata...,Layers,Layer,Menu › Layer,reachable,ok (opened KisMetaDataEditor)
LayerGroupSwitcher/next,Move into next group,Layers,,Menu › All commands › Layers,reachable,ok
LayerGroupSwitcher/previous,Move into previous group,Layers,,Menu › All commands › Layers,reachable,ok
RenameCurrentLayer,Rename current layer,Layers,,Menu › All commands › Layers,reachable,ok
activateNextLayer,Activate next layer,Layers,,Menu › All commands › Layers,reachable,ok
activateNextSiblingLayer,"Activate next sibling layer, skipping over groups.",Layers,,Menu › All commands › Layers,reachable,ok
activatePreviousLayer,Activate previous layer,Layers,,Menu › All commands › Layers,reachable,ok
activatePreviousSiblingLayer,"Activate previous sibling layer, skipping over groups.",Layers,,Menu › All commands › Layers,reachable,ok
add_new_adjustment_layer,Add Filter Layer...,Layers,Layer > New,Menu › Layer › New,reachable,ok (opened KisDlgAdjustmentLayer)
add_new_clone_layer,Add Clone Layer,Layers,Layer > New,Menu › Layer › New,reachable,ok
add_new_colorize_mask,Add Colorize Mask,Layers,Layer > New,Menu › Layer › New,reachable,disabled (not available in this state)
add_new_fast_color_overlay_mask,Add Color Overlay Mask,Layers,,Menu › All commands › Layers,reachable,ok
add_new_file_layer,Add File Layer...,Layers,Layer > New,Menu › Layer › New,reachable,ok
add_new_fill_layer,Add Fill Layer...,Layers,Layer > New,Menu › Layer › New,reachable,ok (opened KisDlgGeneratorLayer)
add_new_filter_mask,Add Filter Mask...,Layers,Layer > New,Menu › Layer › New,reachable,disabled (not available in this state)
add_new_group_layer,Add Group Layer,Layers,Layer > New,Menu › Layer › New,reachable,ok
add_new_paint_layer,Add Paint Layer,Layers,Layer > New,Menu › Layer › New,reachable,ok
add_new_selection_mask,Add Local Selection,Layers,Layer > New,Menu › Layer › New,reachable,disabled (not available in this state)
add_new_shape_layer,Add Vector Layer,Layers,Layer > New,Menu › Layer › New,reachable,ok
add_new_transform_mask,Add Transform Mask,Layers,Layer > New,Menu › Layer › New,reachable,disabled (not available in this state)
add_new_transparency_mask,Add Transparency Mask,Layers,Layer > New,Menu › Layer › New,reachable,ok
clones_array,Clones Array...,Layers,Layer | Layer > Split,Menu › Layer › Split,reachable,ok
convert_group_to_animated,Convert Group to Animated Layer,Layers,Layer > Convert,Menu › Layer › Convert,reachable,disabled (not available in this state)
convert_to_file_layer,Convert to File Layer...,Layers,Layer > Convert,Menu › Layer › Convert,reachable,disabled (not available in this state)
convert_to_filter_mask,Convert to Filter Mask...,Layers,Layer > Convert,Menu › Layer › Convert,reachable,ok
convert_to_paint_layer,Convert to Paint Layer,Layers,Layer > Convert,Menu › Layer › Convert,reachable,disabled (not available in this state)
convert_to_selection_mask,Convert to Selection Mask,Layers,Layer > Convert,Menu › Layer › Convert,reachable,ok
convert_to_transparency_mask,Convert to Transparency Mask,Layers,Layer > Convert,Menu › Layer › Convert,reachable,ok
copy_layer_clipboard,Copy Layer,Layers,Layer,Menu › Layer,reachable,ok
copy_selection_to_new_layer,Copy Selection to New Layer,Layers,Layer > New,Menu › Layer › New,reachable,disabled (not available in this state)
create_quick_clipping_group,Quick Clipping Group,Layers,Layer > Group,Menu › Layer › Group,reachable,ok
create_quick_group,Group layers,Layers,Layer > Group,Menu › Layer › Group,reachable,ok
create_reference_image_from_active_layer,Reference Image from Layer,Layers,,Menu › All commands › Layers,reachable,disabled (not available in this state)
create_reference_image_from_visible_canvas,Reference Image from Visible,Layers,,Menu › All commands › Layers,reachable,disabled (not available in this state)
cut_layer_clipboard,Cut Layer,Layers,Layer,Menu › Layer,reachable,ok
cut_selection_to_new_layer,Cut Selection to New Layer,Layers,Layer > New,Menu › Layer › New,reachable,disabled (not available in this state)
duplicatelayer,Duplicate Layer or Mask,Layers,Layer > New,Menu › Layer › New,reachable,ok
flatten_image,Flatten image,Layers,Layer,Menu › Layer,reachable,ok
flatten_layer,Flatten Layer,Layers,Layer,Menu › Layer,reachable,ok
force_palette_colors,Force Palette Colors,Layers,,Menu › All commands › Layers,reachable,ok
histogram,Histogram...,Layers,Layer,,not created at runtime,
import_layer_as_filter_mask,as Filter Mask...,Layers,Layer > Import/Export > Import,Menu › Layer › Import/Export › Import,reachable,ok
import_layer_as_paint_layer,as Paint Layer...,Layers,Layer > Import/Export > Import,Menu › Layer › Import/Export › Import,reachable,ok (opened KisPreviewFileDialog)
import_layer_as_selection_mask,as Selection Mask...,Layers,Layer > Import/Export > Import,Menu › Layer › Import/Export › Import,reachable,ok
import_layer_as_transparency_mask,as Transparency Mask...,Layers,Layer > Import/Export > Import,Menu › Layer › Import/Export › Import,reachable,ok (opened KisPreviewFileDialog)
import_layer_from_file,Import Layer...,Layers,Layer > Import/Export,Menu › Layer › Import/Export,reachable,ok
isolate_active_group,Isolate Active Group,Layers,,Menu › All commands › Layers,reachable,ok
isolate_active_layer,Isolate Active Layer,Layers,,Menu › All commands › Layers,reachable,ok
layer_properties,Properties...,Layers,,Menu › All commands › Layers,reachable,ok (opened KisDlgAdjustmentLayer)
layer_style,Layer Style...,Layers,Layer,Menu › Layer,reachable,ok
layercolorspaceconversion,Convert Layer Color Space...,Layers,Layer | Layer > Convert,Menu › Layer › Convert,reachable,disabled (not available in this state)
layersize,Scale Layers to new Size...,Layers,Layer | Layer > Transform,Menu › Layer › Transform,reachable,ok
layersplit,Split Layer...,Layers,Layer | Layer > Split,Menu › Layer › Split,reachable,ok
merge_layer,Merge with Layer Below,Layers,Layer,Menu › Layer,reachable,ok
mirrorAllNodesX,Mirror All Layers Horizontally,Layers,Layer > Transform All Layers,Menu › Layer › Transform All Layers,reachable,ok
mirrorAllNodesY,Mirror All Layers Vertically,Layers,Layer > Transform All Layers,Menu › Layer › Transform All Layers,reachable,ok
mirrorNodeX,Mirror Layers Horizontally,Layers,Layer > Transform,Menu › Layer › Transform,reachable,ok
mirrorNodeY,Mirror Layers Vertically,Layers,Layer > Transform,Menu › Layer › Transform,reachable,ok
move_layer_down,Move Layer or Mask Down,Layers,,Menu › All commands › Layers,reachable,ok
move_layer_up,Move Layer or Mask Up,Layers,,Menu › All commands › Layers,reachable,ok
new_from_visible,New Layer From Visible,Layers,Layer > New,Menu › Layer › New,reachable,ok
offsetlayer,Offset Layers...,Layers,Layer | Layer > Transform,Menu › Layer › Transform,reachable,ok
paste_layer_from_clipboard,Paste Layer,Layers,Layer,Menu › Layer,reachable,ok
quick_ungroup,Ungroup layers,Layers,Layer > Group,Menu › Layer › Group,reachable,ok
remove_layer,Remove Layer,Layers,,Menu › All commands › Layers,reachable,ok
rotateAllLayers,Rotate All Layers...,Layers,Layer > Transform All Layers > Rotate,Menu › Layer › Transform All Layers › Rotate,reachable,ok (opened DlgRotateImage)
rotateAllLayers180,Rotate All Layers 180°,Layers,Layer > Transform All Layers > Rotate,Menu › Layer › Transform All Layers › Rotate,reachable,ok
rotateAllLayersCCW90,Rotate All Layers 90° to the Left,Layers,Layer > Transform All Layers > Rotate,Menu › Layer › Transform All Layers › Rotate,reachable,ok
rotateAllLayersCW90,Rotate All Layers 90° to the Right,Layers,Layer > Transform All Layers > Rotate,Menu › Layer › Transform All Layers › Rotate,reachable,ok
rotateLayer180,Rotate Layers 180°,Layers,Layer > Rotate | Layer > Transform > Rotate,Menu › Layer › Transform › Rotate,reachable,ok
rotateLayerCCW90,Rotate Layers 90° to the Left,Layers,Layer > Rotate | Layer > Transform > Rotate,Menu › Layer › Transform › Rotate,reachable,ok
rotateLayerCW90,Rotate Layers 90° to the Right,Layers,Layer > Rotate | Layer > Transform > Rotate,Menu › Layer › Transform › Rotate,reachable,ok
rotatelayer,Rotate Layers...,Layers,Layer > Rotate | Layer > Transform > Rotate,Menu › Layer › Transform › Rotate,reachable,ok (opened DlgRotateImage)
save_groups_as_images,Save Group Layers...,Layers,Layer > Import/Export,Menu › Layer › Import/Export,reachable,ok (opened KoDialog)
save_node_as_image,Save Layer/Mask...,Layers,Layer > Import/Export,Menu › Layer › Import/Export,reachable,ok (opened KisPreviewFileDialog)
save_vector_node_to_svg,Save Vector Layer as SVG...,Layers,Layer > Import/Export,Menu › Layer › Import/Export,reachable,disabled (not available in this state)
scaleAllLayers,Scale All Layers to new Size...,Layers,Layer > Transform All Layers,Menu › Layer › Transform All Layers,reachable,ok
select_all_layers,All Layers,Layers,Layer > Select,Menu › Layer › Select,reachable,ok
select_invisible_layers,Invisible Layers,Layers,Layer > Select,Menu › Layer › Select,reachable,ok
select_locked_layers,Locked Layers,Layers,Layer > Select,Menu › Layer › Select,reachable,ok
select_unlocked_layers,Unlocked Layers,Layers,Layer > Select,Menu › Layer › Select,reachable,ok
select_visible_layers,Visible Layers,Layers,Layer > Select,Menu › Layer › Select,reachable,ok
set-copy-from,Set Copy From...,Layers,,Menu › All commands › Layers,reachable,ok
shearAllLayers,Shear All Layers...,Layers,Layer > Transform All Layers,Menu › Layer › Transform All Layers,reachable,ok
shearlayer,Shear Layers...,Layers,Layer | Layer > Transform,Menu › Layer › Transform,reachable,ok (opened DlgShearImage)
split_alpha_into_mask,Alpha into Mask,Layers,Layer > Split > Split Alpha,Menu › Layer › Split › Split Alpha,reachable,ok
split_alpha_save_merged,Save Merged...,Layers,Layer > Split > Split Alpha,Menu › Layer › Split › Split Alpha,reachable,disabled (not available in this state)
split_alpha_write,Write as Alpha,Layers,Layer > Split > Split Alpha,Menu › Layer › Split › Split Alpha,reachable,ok
switchToPreviouslyActiveNode,Activate previously selected layer,Layers,,Menu › All commands › Layers,reachable,ok
toggle_layer_alpha_lock,Toggle layer alpha,Layers,,Menu › All commands › Layers,reachable,ok
toggle_layer_inherit_alpha,Toggle layer alpha inheritance,Layers,,Menu › All commands › Layers,reachable,ok
toggle_layer_lock,Toggle layer lock,Layers,,Menu › All commands › Layers,reachable,ok
toggle_layer_soloing,Toggle Layer Soloing,Layers,,Menu › All commands › Layers,reachable,ok
toggle_layer_visibility,Toggle layer visibility,Layers,,Menu › All commands › Layers,reachable,ok
unifylayerscolorspace,Unify Layers Color Space,Layers,,Menu › All commands › Layers,reachable,disabled (not available in this state)
waveletdecompose,Wavelet Decompose ...,Layers,Image | Layer,Menu › Image,reachable,disabled (not available in this state)
manage_donations,Manage Supporter Benefits...,Management,Settings,,not created at runtime,
manage_subscriptions,Manage Subscriptions...,Management,Settings,,not created at runtime,
mutate,Mutate,Mutator,,Menu › Tools › Scripts,reachable,disabled (not available in this state)
BrushesAndStuff,Hide Brushes and Stuff Toolbar,Painting,,Menu › All commands › Painting,reachable,ok
brush_select_preset_action,Select brush preset,Painting,,Menu › All commands › Painting,reachable,ok
convert_selection_to_shape,Convert to Shape,Painting,Select,Menu › Select,reachable,disabled (not available in this state)
decrease_brush_size,Decrease Brush Size,Painting,,Menu › All commands › Painting,reachable,ok
decrease_fade,Decrease Fade,Painting,,Menu › All commands › Painting,reachable,ok
decrease_flow,Decrease Flow,Painting,,Menu › All commands › Painting,reachable,ok
decrease_opacity,Decrease Opacity,Painting,,Menu › All commands › Painting,reachable,ok
decrease_scatter,Decrease Scatter,Painting,,Menu › All commands › Painting,reachable,ok
disable_pressure,Use Pen Pressure,Painting,,Menu › All commands › Painting,reachable,ok
erase_action,Set eraser mode,Painting,,Menu › All commands › Painting,reachable,ok
eraser_preset_action,Toggle eraser preset,Painting,,Menu › All commands › Painting,reachable,ok
eraser_select_preset_action,Select eraser preset,Painting,,Menu › All commands › Painting,reachable,ok
fill_selection_background_color_opacity,Fill with Background Color (Opacity),Painting,Edit > Fill Special,Menu › Edit › Fill Special,reachable,disabled (not available in this state)
fill_selection_foreground_color_opacity,Fill with Foreground Color (Opacity),Painting,Edit > Fill Special,Menu › Edit › Fill Special,reachable,disabled (not available in this state)
fill_selection_pattern_opacity,Fill with Pattern (Opacity),Painting,Edit > Fill Special,Menu › Edit › Fill Special,reachable,disabled (not available in this state)
hmirror_action,Horizontal Mirror Tool,Painting,,Menu › All commands › Painting,reachable,ok
increase_brush_size,Increase Brush Size,Painting,,Menu › All commands › Painting,reachable,ok
increase_fade,Increase Fade,Painting,,Menu › All commands › Painting,reachable,ok
increase_flow,Increase Flow,Painting,,Menu › All commands › Painting,reachable,ok
increase_opacity,Increase Opacity,Painting,,Menu › All commands › Painting,reachable,ok
increase_scatter,Increase Scatter,Painting,,Menu › All commands › Painting,reachable,ok
make_brush_color_bluer,Make brush color more blue,Painting,,Menu › All commands › Painting,reachable,ok
make_brush_color_darker,Make brush color darker,Painting,,Menu › All commands › Painting,reachable,ok
make_brush_color_desaturated,Make brush color more desaturated,Painting,,Menu › All commands › Painting,reachable,ok
make_brush_color_greener,Make brush color more green,Painting,,Menu › All commands › Painting,reachable,ok
make_brush_color_lighter,Make brush color lighter,Painting,,Menu › All commands › Painting,reachable,ok
make_brush_color_redder,Make brush color more red,Painting,,Menu › All commands › Painting,reachable,ok
make_brush_color_saturated,Make brush color more saturated,Painting,,Menu › All commands › Painting,reachable,ok
make_brush_color_yellower,Make brush color more yellow,Painting,,Menu › All commands › Painting,reachable,ok
mirrorX-hideDecorations,Hide Mirror X Line,Painting,,Menu › All commands › Painting,reachable,ok
mirrorX-lock,Lock X Line,Painting,,Menu › All commands › Painting,reachable,ok
mirrorX-moveToCenter,Move to Canvas Center X,Painting,,Menu › All commands › Painting,reachable,ok
mirrorY-hideDecorations,Hide Mirror Y Line,Painting,,Menu › All commands › Painting,reachable,ok
mirrorY-lock,Lock Y Line,Painting,,Menu › All commands › Painting,reachable,ok
mirrorY-moveToCenter,Move to Canvas Center Y,Painting,,Menu › All commands › Painting,reachable,ok
next_favorite_preset,Next Favourite Preset,Painting,,Menu › All commands › Painting,reachable,ok
preserve_alpha,Preserve Alpha,Painting,,Menu › All commands › Painting,reachable,ok
previous_favorite_preset,Previous Favourite Preset,Painting,,Menu › All commands › Painting,reachable,ok
previous_preset,Switch to Previous Preset,Painting,,Menu › All commands › Painting,reachable,ok
reload_preset_action,Reload Original Preset,Painting,,Menu › All commands › Painting,reachable,ok
reset_fg_bg,Set Foreground and Background Colors to Black and White,Painting,,Menu › All commands › Painting,reachable,ok
rotate_brush_tip_clockwise,Rotate brush tip clockwise,Painting,,Menu › All commands › Painting,reachable,ok
rotate_brush_tip_clockwise_precise,Rotate brush tip clockwise (precise),Painting,,Menu › All commands › Painting,reachable,ok
rotate_brush_tip_counter_clockwise,Rotate brush tip counter-clockwise,Painting,,Menu › All commands › Painting,reachable,ok
rotate_brush_tip_counter_clockwise_precise,Rotate brush tip counter-clockwise (precise),Painting,,Menu › All commands › Painting,reachable,ok
selection_tool_mode_add,Selection Mode: Add,Painting,,Menu › All commands › Painting,reachable,disabled (not available in this state)
selection_tool_mode_intersect,Selection Mode: Intersect,Painting,,Menu › All commands › Painting,reachable,disabled (not available in this state)
selection_tool_mode_replace,Selection Mode: Replace,Painting,,Menu › All commands › Painting,reachable,disabled (not available in this state)
selection_tool_mode_subtract,Selection Mode: Subtract,Painting,,Menu › All commands › Painting,reachable,disabled (not available in this state)
set_no_brush_smoothing,Brush Smoothing: Disabled,Painting,,Menu › All commands › Painting,reachable,ok
set_pixel_perfect_smoothing,Brush Smoothing: Pixel,Painting,,Menu › All commands › Painting,reachable,ok
set_simple_brush_smoothing,Brush Smoothing: Basic,Painting,,Menu › All commands › Painting,reachable,ok
set_stabilizer_brush_smoothing,Brush Smoothing: Stabilizer,Painting,,Menu › All commands › Painting,reachable,ok
set_weighted_brush_smoothing,Brush Smoothing: Weighted,Painting,,Menu › All commands › Painting,reachable,ok
shift_brush_color_clockwise,Shift brush color hue clockwise,Painting,,Menu › All commands › Painting,reachable,ok
shift_brush_color_counter_clockwise,Shift brush color hue counter-clockwise,Painting,,Menu › All commands › Painting,reachable,ok
show-global-selection-mask,Show Global Selection Mask,Painting,Select,Menu › Select,reachable,ok
toggle-selection-overlay-mode,Toggle Selection Display Mode,Painting,,Menu › All commands › Painting,reachable,ok
toggle_assistant,Toggle Snap To Assistants,Painting,,Menu › All commands › Painting,reachable,ok
toggle_brush_outline,Toggle Brush Outline,Painting,,Menu › All commands › Painting,reachable,ok
toggle_fg_bg,Swap Foreground and Background Colors,Painting,,Menu › All commands › Painting,reachable,ok
undo_polygon_selection,Undo Polygon Selection Points,Painting,,Menu › All commands › Painting,reachable,disabled (not available in this state)
vmirror_action,Vertical Mirror Tool,Painting,,Menu › All commands › Painting,reachable,ok
convert-to-path,To Path,Path Tool,,Menu › All commands › Path Tool,reachable,disabled (not available in this state)
movetool-move-down,Move down,Path Tool,,Menu › All commands › Path Tool,reachable,disabled (not available in this state)
movetool-move-down-more,Move down more,Path Tool,,Menu › All commands › Path Tool,reachable,disabled (not available in this state)
movetool-move-left,Move left,Path Tool,,Menu › All commands › Path Tool,reachable,disabled (not available in this state)
movetool-move-left-more,Move left more,Path Tool,,Menu › All commands › Path Tool,reachable,disabled (not available in this state)
movetool-move-right,,Path Tool,,Menu › All commands › Path Tool,reachable,disabled (not available in this state)
movetool-move-right-more,Move right more,Path Tool,,Menu › All commands › Path Tool,reachable,disabled (not available in this state)
movetool-move-up,Move up,Path Tool,,Menu › All commands › Path Tool,reachable,disabled (not available in this state)
movetool-move-up-more,Move up more,Path Tool,,Menu › All commands › Path Tool,reachable,disabled (not available in this state)
movetool-show-coordinates,Show Coordinates,Path Tool,,Menu › All commands › Path Tool,reachable,disabled (not available in this state)
path-break-point,Break at point,Path Tool,,Menu › All commands › Path Tool,reachable,disabled (not available in this state)
path-break-segment,Break at segment,Path Tool,,Menu › All commands › Path Tool,reachable,disabled (not available in this state)
path-break-selection,Break at selection,Path Tool,,Menu › All commands › Path Tool,reachable,disabled (not available in this state)
pathpoint-corner,Corner point,Path Tool,,Menu › All commands › Path Tool,reachable,disabled (not available in this state)
pathpoint-curve,Make curve point,Path Tool,,Menu › All commands › Path Tool,reachable,disabled (not available in this state)
pathpoint-insert,Insert point,Path Tool,,Menu › All commands › Path Tool,reachable,disabled (not available in this state)
pathpoint-join,Join with segment,Path Tool,,Menu › All commands › Path Tool,reachable,disabled (not available in this state)
pathpoint-line,Make line point,Path Tool,,Menu › All commands › Path Tool,reachable,disabled (not available in this state)
pathpoint-merge,Merge points,Path Tool,,Menu › All commands › Path Tool,reachable,disabled (not available in this state)
pathpoint-remove,Remove point,Path Tool,,Menu › All commands › Path Tool,reachable,disabled (not available in this state)
pathpoint-smooth,Smooth point,Path Tool,,Menu › All commands › Path Tool,reachable,disabled (not available in this state)
pathpoint-symmetric,Symmetric Point,Path Tool,,Menu › All commands › Path Tool,reachable,disabled (not available in this state)
pathsegment-curve,Segment to Curve,Path Tool,,Menu › All commands › Path Tool,reachable,disabled (not available in this state)
pathsegment-line,Segment to Line,Path Tool,,Menu › All commands › Path Tool,reachable,disabled (not available in this state)
plugin_importer_file,Import Python Plugin from File...,Python Plugin Importer,,Menu › Tools › Scripts,reachable,ok (opened KisPreviewFileDialog)
plugin_importer_web,Import Python Plugin from Web...,Python Plugin Importer,,Menu › Tools › Scripts,reachable,ok
recorder_export,Export Timelapse...,Recorder,,Menu › All commands › Recorder,reachable,ok
recorder_record_toggle,Record Timelapse,Recorder,,Menu › All commands › Recorder,reachable,ok
manage_supporter_bundles,Get More Resources...,Resources,Settings,,not created at runtime,
spen_circle_ccw,S-Pen Gesture Circle Counter-Clockwise,S-Pen Actions,,,not created at runtime,
spen_circle_cw,S-Pen Gesture Circle Clockwise,S-Pen Actions,,,not created at runtime,
spen_click,S-Pen Button Click,S-Pen Actions,,,not created at runtime,
spen_double_click,S-Pen Button Double Click,S-Pen Actions,,,not created at runtime,
spen_show_popup_palette,Toggle popup palette with S-Pen,S-Pen Actions,,,not created at runtime,
spen_swipe_down,S-Pen Gesture Swipe Down,S-Pen Actions,,,not created at runtime,
spen_swipe_left,S-Pen Gesture Swipe Left,S-Pen Actions,,,not created at runtime,
spen_swipe_right,S-Pen Gesture Swipe Right,S-Pen Actions,,,not created at runtime,
spen_swipe_up,S-Pen Gesture Swipe Up,S-Pen Actions,,,not created at runtime,
SvgTextTool,Text Tool,SVG Text Tool,,Menu › All commands › SVG Text Tool,reachable,ok
svg_align_center,Align Center,SVG Text Tool,,Menu › All commands › SVG Text Tool,reachable,disabled (not available in this state)
svg_align_justified,Align Block,SVG Text Tool,,Menu › All commands › SVG Text Tool,reachable,disabled (not available in this state)
svg_align_left,Align Left,SVG Text Tool,,Menu › All commands › SVG Text Tool,reachable,disabled (not available in this state)
svg_align_right,Align Right,SVG Text Tool,,Menu › All commands › SVG Text Tool,reachable,disabled (not available in this state)
svg_clear_formatting,Clear Formatting,SVG Text Tool,,Menu › All commands › SVG Text Tool,reachable,disabled (not available in this state)
svg_decrease_font_size,Decrease Font Size,SVG Text Tool,,Menu › All commands › SVG Text Tool,reachable,disabled (not available in this state)
svg_font_kerning,Kerning,SVG Text Tool,,Menu › All commands › SVG Text Tool,reachable,disabled (not available in this state)
svg_format_italic,Italic,SVG Text Tool,,Menu › All commands › SVG Text Tool,reachable,disabled (not available in this state)
svg_format_strike_through,Strikethrough,SVG Text Tool,,Menu › All commands › SVG Text Tool,reachable,disabled (not available in this state)
svg_format_subscript,Subscript,SVG Text Tool,,Menu › All commands › SVG Text Tool,reachable,disabled (not available in this state)
svg_format_superscript,Superscript,SVG Text Tool,,Menu › All commands › SVG Text Tool,reachable,disabled (not available in this state)
svg_format_underline,Underline,SVG Text Tool,,Menu › All commands › SVG Text Tool,reachable,ok
svg_increase_font_size,Increase Font Size,SVG Text Tool,,Menu › All commands › SVG Text Tool,reachable,disabled (not available in this state)
svg_insert_special_character,Glyph Palette...,SVG Text Tool,,Menu › All commands › SVG Text Tool,reachable,disabled (not available in this state)
svg_paste_plain_text,Paste Plain Text,SVG Text Tool,,Menu › All commands › SVG Text Tool,reachable,disabled (not available in this state)
svg_paste_rich_text,Paste Rich Text,SVG Text Tool,,Menu › All commands › SVG Text Tool,reachable,disabled (not available in this state)
svg_remove_transforms_from_range,Remove Character Transforms,SVG Text Tool,,Menu › All commands › SVG Text Tool,reachable,disabled (not available in this state)
svg_settings,Settings...,SVG Text Tool,Settings,,not created at runtime,
svg_type_setting_move_selection_start_down_1_px,Move Text Selection Down By 1 Pixel,SVG Text Tool,,Menu › All commands › SVG Text Tool,reachable,disabled (not available in this state)
svg_type_setting_move_selection_start_left_1_px,Move Text Selection Left By 1 Pixel,SVG Text Tool,,Menu › All commands › SVG Text Tool,reachable,disabled (not available in this state)
svg_type_setting_move_selection_start_right_1_px,Move Text Selection Right By 1 Pixel,SVG Text Tool,,Menu › All commands › SVG Text Tool,reachable,disabled (not available in this state)
svg_type_setting_move_selection_start_up_1_px,Move Text Selection Up By 1 Pixel,SVG Text Tool,,Menu › All commands › SVG Text Tool,reachable,disabled (not available in this state)
svg_weight_black,Black,SVG Text Tool,,Menu › All commands › SVG Text Tool,reachable,disabled (not available in this state)
svg_weight_bold,Bold,SVG Text Tool,,Menu › All commands › SVG Text Tool,reachable,disabled (not available in this state)
svg_weight_demi,Demi,SVG Text Tool,,Menu › All commands › SVG Text Tool,reachable,disabled (not available in this state)
svg_weight_light,Light,SVG Text Tool,,Menu › All commands › SVG Text Tool,reachable,disabled (not available in this state)
svg_weight_normal,Normal,SVG Text Tool,,Menu › All commands › SVG Text Tool,reachable,disabled (not available in this state)
borderselection,Border Selection...,Select,Select,Menu › Select,reachable,disabled (not available in this state)
colorrange,Select from Color Range...,Select,Select,Menu › Select,reachable,disabled (not available in this state)
configure_sap,Configure selection actions bar,Select,Select,Menu › All commands › Select,reachable,disabled (not available in this state)
convert_shapes_to_vector_selection,Convert Shapes to Vector Selection,Select,Select,Menu › Select,reachable,disabled (not available in this state)
convert_to_raster_selection,Convert to Raster Selection,Select,Select,Menu › Select,reachable,disabled (not available in this state)
convert_to_vector_selection,Convert to Vector Selection,Select,Select,Menu › Select,reachable,disabled (not available in this state)
deselect,Deselect,Select,Select,Menu › Select,reachable,ok
edit_selection,Edit Selection,Select,Select,Menu › Select,reachable,disabled (not available in this state)
enable_sap,Enable Selection Actions Bar,Select,Select,Menu › Select,reachable,ok
featherselection,Feather Selection...,Select,Select,Menu › Select,reachable,disabled (not available in this state)
growselection,Grow Selection...,Select,Select,Menu › Select,reachable,disabled (not available in this state)
reselect,Reselect,Select,Select,Menu › Select,reachable,ok
select_all,Select All,Select,Select,Menu › Select,reachable,ok
selectionscale,Scale...,Select,Select,Menu › Select,reachable,disabled (not available in this state)
selectopaque,Select Opaque (Replace),Select,Select | Select > Select Opaque,Menu › Select › Select Opaque,reachable,ok
selectopaque_add,Select Opaque (Add),Select,Select > Select Opaque,Menu › Select › Select Opaque,reachable,ok
selectopaque_intersect,Select Opaque (Intersect),Select,Select > Select Opaque,Menu › Select › Select Opaque,reachable,ok
selectopaque_subtract,Select Opaque (Subtract),Select,Select > Select Opaque,Menu › Select › Select Opaque,reachable,ok
shrinkselection,Shrink Selection...,Select,Select,Menu › Select,reachable,disabled (not available in this state)
smoothselection,Smooth,Select,Select,Menu › Select,reachable,disabled (not available in this state)
toggle_display_selection,Display Selection,Select,Select,Menu › Select,reachable,ok
dbexplorer,Explore Resources Cache Database...,Settings,Tools,Menu › All commands › Settings,reachable,ok
manage_bundles,Manage Resource Libraries...,Settings,Settings,Menu › Settings,reachable,ok (opened DlgBundleManager)
manage_resources,Manage Resources...,Settings,Settings,Menu › Settings,reachable,ok
options_configure,Configure Krita...,Settings,Settings,Menu › Settings,reachable,ok
options_configure_keybinding,Configure Shortcuts...,Settings,Settings,,not created at runtime,
options_configure_toolbars,Configure Toolbars...,Settings,Settings,Menu › Settings,reachable,ok
reset_configurations,Reset All Settings,Settings,Settings,Menu › Settings,reachable,skipped (resets all settings)
settings_active_author,Active Author Profile,Settings,Settings,Menu › All commands › Settings,reachable,ok
settings_dockers_menu,Dockers,Settings,Settings,Menu › All commands › Settings,reachable,ok
style_menu,Styles,Settings,Settings,Menu › All commands › Settings,reachable,ok
switch_application_language,Switch Application Language...,Settings,Help | Settings,Menu › Settings,reachable,ok (opened KDEPrivate::KisKSwitchLanguageDialog)
theme_menu,Themes,Settings,Settings,Menu › All commands › Settings,reachable,ok
view_toggledockers,Show Dockers,Settings,Settings,Menu › Settings,reachable,ok
view_toggledockertitlebars,Show Docker Titlebars,Settings,,Menu › All commands › Settings,reachable,ok
window,Window,Settings,(top level),Menu › All commands › Settings,reachable,ok
activate_preset_0,Activate Brush Preset 0,Ten Brushes,,Menu › All commands › Ten Brushes,reachable,ok
activate_preset_1,Activate Brush Preset 1,Ten Brushes,,Menu › All commands › Ten Brushes,reachable,ok
activate_preset_2,Activate Brush Preset 2,Ten Brushes,,Menu › All commands › Ten Brushes,reachable,ok
activate_preset_3,Activate Brush Preset 3,Ten Brushes,,Menu › All commands › Ten Brushes,reachable,ok
activate_preset_4,Activate Brush Preset 4,Ten Brushes,,Menu › All commands › Ten Brushes,reachable,ok
activate_preset_5,Activate Brush Preset 5,Ten Brushes,,Menu › All commands › Ten Brushes,reachable,ok
activate_preset_6,Activate Brush Preset 6,Ten Brushes,,Menu › All commands › Ten Brushes,reachable,ok
activate_preset_7,Activate Brush Preset 7,Ten Brushes,,Menu › All commands › Ten Brushes,reachable,ok
activate_preset_8,Activate Brush Preset 8,Ten Brushes,,Menu › All commands › Ten Brushes,reachable,ok
activate_preset_9,Activate Brush Preset 9,Ten Brushes,,Menu › All commands › Ten Brushes,reachable,ok
ten_brushes,Ten Brushes,Ten Brushes,,Menu › Tools › Scripts,reachable,ok (opened TenBrushesDialog)
execute_script_0,Execute Script 0,Ten Scripts,,Menu › All commands › Ten Scripts,reachable,ok
execute_script_1,Execute Script 1,Ten Scripts,,Menu › All commands › Ten Scripts,reachable,ok
execute_script_2,Execute Script 2,Ten Scripts,,Menu › All commands › Ten Scripts,reachable,ok
execute_script_3,Execute Script 3,Ten Scripts,,Menu › All commands › Ten Scripts,reachable,ok
execute_script_4,Execute Script 4,Ten Scripts,,Menu › All commands › Ten Scripts,reachable,ok
execute_script_5,Execute Script 5,Ten Scripts,,Menu › All commands › Ten Scripts,reachable,ok
execute_script_6,Execute Script 6,Ten Scripts,,Menu › All commands › Ten Scripts,reachable,ok
execute_script_7,Execute Script 7,Ten Scripts,,Menu › All commands › Ten Scripts,reachable,ok
execute_script_8,Execute Script 8,Ten Scripts,,Menu › All commands › Ten Scripts,reachable,ok
execute_script_9,Execute Script 9,Ten Scripts,,Menu › All commands › Ten Scripts,reachable,ok
ten_scripts,Ten Scripts,Ten Scripts,,Menu › Tools › Scripts,reachable,ok
InteractionTool,Select Shapes Tool,Tool Shortcuts,,Menu › All commands › Tool Shortcuts,reachable,ok
KarbonCalligraphyTool,Calligraphy,Tool Shortcuts,,Menu › All commands › Tool Shortcuts,reachable,ok
KisAssistantTool,Assistant Tool,Tool Shortcuts,,Menu › All commands › Tool Shortcuts,reachable,ok
KisToolCrop,Crop Tool,Tool Shortcuts,,Menu › All commands › Tool Shortcuts,reachable,ok
KisToolEncloseAndFill,Enclose and Fill Tool,Tool Shortcuts,,Menu › All commands › Tool Shortcuts,reachable,ok
KisToolPath,Bezier Curve Tool,Tool Shortcuts,,Menu › All commands › Tool Shortcuts,reachable,ok
KisToolPencil,Freehand Path Tool,Tool Shortcuts,,Menu › All commands › Tool Shortcuts,reachable,ok
KisToolPolygon,Polygon Tool,Tool Shortcuts,,Menu › All commands › Tool Shortcuts,reachable,ok
KisToolPolyline,Polyline Tool,Tool Shortcuts,,Menu › All commands › Tool Shortcuts,reachable,ok
KisToolSelectContiguous,Contiguous Selection Tool,Tool Shortcuts,,Menu › All commands › Tool Shortcuts,reachable,ok
KisToolSelectElliptical,Elliptical Selection Tool,Tool Shortcuts,,Menu › All commands › Tool Shortcuts,reachable,ok
KisToolSelectMagnetic,Magnetic Selection Tool,Tool Shortcuts,,Menu › All commands › Tool Shortcuts,reachable,ok
KisToolSelectOutline,Freehand Selection Tool,Tool Shortcuts,,Menu › All commands › Tool Shortcuts,reachable,ok
KisToolSelectPath,Bezier Curve Selection Tool,Tool Shortcuts,,Menu › All commands › Tool Shortcuts,reachable,ok
KisToolSelectPolygonal,,Tool Shortcuts,,Menu › All commands › Tool Shortcuts,reachable,ok
KisToolSelectRectangular,Rectangular Selection Tool,Tool Shortcuts,,Menu › All commands › Tool Shortcuts,reachable,ok
KisToolSelectSimilar,Similar Color Selection Tool,Tool Shortcuts,,Menu › All commands › Tool Shortcuts,reachable,ok
KisToolTransform,Transform Tool,Tool Shortcuts,,Menu › All commands › Tool Shortcuts,reachable,ok
KisToolTransformCage,Transform Tool (Cage Transform),Tool Shortcuts,,Menu › All commands › Tool Shortcuts,reachable,ok
KisToolTransformFree,Transform Tool (Free Transform),Tool Shortcuts,,Menu › All commands › Tool Shortcuts,reachable,ok
KisToolTransformLiquify,Transform Tool (Liquify Transform),Tool Shortcuts,,Menu › All commands › Tool Shortcuts,reachable,ok
KisToolTransformMesh,Transform Tool (Mesh Transform),Tool Shortcuts,,Menu › All commands › Tool Shortcuts,reachable,ok
KisToolTransformPerspective,Transform Tool (Perspective Transform),Tool Shortcuts,,Menu › All commands › Tool Shortcuts,reachable,ok
KisToolTransformWarp,Transform Tool (Warp Transform),Tool Shortcuts,,Menu › All commands › Tool Shortcuts,reachable,ok
KritaFill/KisToolFill,Fill Tool,Tool Shortcuts,,Menu › All commands › Tool Shortcuts,reachable,ok
KritaFill/KisToolGradient,Gradient Tool,Tool Shortcuts,,Menu › All commands › Tool Shortcuts,reachable,ok
KritaSelected/KisToolColorSampler,Color Sampler,Tool Shortcuts,,Menu › All commands › Tool Shortcuts,reachable,ok
KritaShape/KisToolBrush,Freehand Brush Tool,Tool Shortcuts,,Menu › All commands › Tool Shortcuts,reachable,ok
KritaShape/KisToolDyna,Dynamic Brush Tool,Tool Shortcuts,,Menu › All commands › Tool Shortcuts,reachable,ok
KritaShape/KisToolEllipse,Ellipse Tool,Tool Shortcuts,,Menu › All commands › Tool Shortcuts,reachable,ok
KritaShape/KisToolKnife,Comic Panel Editing Tool,Tool Shortcuts,,Menu › All commands › Tool Shortcuts,reachable,ok
KritaShape/KisToolLazyBrush,Colorize Mask Tool,Tool Shortcuts,,Menu › All commands › Tool Shortcuts,reachable,ok
KritaShape/KisToolLine,Line Tool,Tool Shortcuts,,Menu › All commands › Tool Shortcuts,reachable,ok
KritaShape/KisToolMeasure,Measurement Tool,Tool Shortcuts,,Menu › All commands › Tool Shortcuts,reachable,ok
KritaShape/KisToolMultiBrush,Multibrush Tool,Tool Shortcuts,,Menu › All commands › Tool Shortcuts,reachable,ok
KritaShape/KisToolRectangle,Rectangle Tool,Tool Shortcuts,,Menu › All commands › Tool Shortcuts,reachable,ok
KritaShape/KisToolSmartPatch,Smart Patch Tool,Tool Shortcuts,,Menu › All commands › Tool Shortcuts,reachable,ok
KritaTransform/KisToolMove,Move Tool,Tool Shortcuts,,Menu › All commands › Tool Shortcuts,reachable,ok
PanTool,Pan Tool,Tool Shortcuts,,Menu › All commands › Tool Shortcuts,reachable,ok
PathTool,Edit Shapes Tool,Tool Shortcuts,,Menu › All commands › Tool Shortcuts,reachable,ok
ToolReferenceImages,Reference Images Tool,Tool Shortcuts,,Menu › All commands › Tool Shortcuts,reachable,ok
ZoomTool,Zoom Tool,Tool Shortcuts,,Menu › All commands › Tool Shortcuts,reachable,ok
calligraphy_decrease_angle,Calligraphy: decrease angle,Tool Shortcuts,,Menu › All commands › Tool Shortcuts,reachable,ok
calligraphy_decrease_width,Calligraphy: decrease width,Tool Shortcuts,,Menu › All commands › Tool Shortcuts,reachable,ok
calligraphy_increase_angle,Calligraphy: increase angle,Tool Shortcuts,,Menu › All commands › Tool Shortcuts,reachable,ok
calligraphy_increase_width,Calligraphy: increase width,Tool Shortcuts,,Menu › All commands › Tool Shortcuts,reachable,ok
fullscreen,Full Screen Mode,View,Settings | View,Menu › View,reachable,ok
gamutCheck,Out of Gamut Warnings,View,View,Menu › View,reachable,ok
level_of_detail_mode,Instant Preview Mode,View,View,Menu › View,reachable,ok
mirror_canvas,Mirror View,View,"View > Zoom, Rotate, and Mirror","Menu › View › Zoom, Rotate, and Mirror",reachable,ok
mirror_canvas_around_canvas,Mirror View Around Canvas,View,"View > Zoom, Rotate, and Mirror","Menu › View › Zoom, Rotate, and Mirror",reachable,ok
mirror_canvas_around_cursor,Mirror View Around Cursor,View,"View > Zoom, Rotate, and Mirror","Menu › View › Zoom, Rotate, and Mirror",reachable,ok
reset_canvas_rotation,Reset Canvas Rotation,View,"View > Zoom, Rotate, and Mirror","Menu › View › Zoom, Rotate, and Mirror",reachable,ok
reset_display,Reset Display,View,"View > Zoom, Rotate, and Mirror","Menu › View › Zoom, Rotate, and Mirror",reachable,ok
rotate_canvas_left,Rotate Canvas Left,View,"View > Zoom, Rotate, and Mirror","Menu › View › Zoom, Rotate, and Mirror",reachable,ok
rotate_canvas_right,Rotate Canvas Right,View,"View > Zoom, Rotate, and Mirror","Menu › View › Zoom, Rotate, and Mirror",reachable,ok
rulers_track_mouse,Rulers Track Pointer,View,View,Menu › View,reachable,ok
showStatusBar,Show Status Bar,View,View,Menu › View,reachable,ok
show_snap_options_popup,Show Snap Options Popup,View,,Menu › All commands › View,reachable,ok (opened QMenu)
softProof,Soft Proofing,View,View,Menu › View,reachable,ok
toggle_zoom_to_fit,Toggle Fit to View,View,,Menu › All commands › View,reachable,ok
view_detached_canvas,Detach Canvas,View,View,Menu › View,reachable,skipped (moves the canvas to its own window)
view_grid,Show Grid,View,View,Menu › View,reachable,ok
view_lock_guides,Lock Guides,View,View,Menu › View,reachable,ok
view_pixel_grid,Show Pixel Grid,View,View,Menu › View,reachable,ok
view_print_size,View Print Size,View,View,Menu › View,reachable,ok
view_ruler,Show Rulers,View,View,Menu › View,reachable,ok
view_show_canvas_only,Show Canvas Only,View,View,Menu › View,reachable,ok
view_show_guides,Show Guides,View,View,Menu › View,reachable,ok
view_snap_bounding_box,Snap Bounding Box,View,View > Snap To,Menu › View › Snap To,reachable,ok
view_snap_extension,Snap Extension,View,View > Snap To,Menu › View › Snap To,reachable,ok
view_snap_image_bounds,Snap Image Bounds,View,View > Snap To,Menu › View › Snap To,reachable,ok
view_snap_image_center,Snap Image Center,View,View > Snap To,Menu › View › Snap To,reachable,ok
view_snap_intersection,Snap Intersection,View,View > Snap To,Menu › View › Snap To,reachable,ok
view_snap_node,Snap Node,View,View > Snap To,Menu › View › Snap To,reachable,ok
view_snap_orthogonal,Snap Orthogonal,View,View > Snap To,Menu › View › Snap To,reachable,ok
view_snap_to_grid,Snap To Grid,View,View > Snap To,Menu › View › Snap To,reachable,ok
view_snap_to_guides,Snap to Guides,View,View > Snap To,Menu › View › Snap To,reachable,ok
view_snap_to_pixel,Snap Pixel,View,View > Snap To,Menu › View › Snap To,reachable,ok
view_toggle_assistant_previews,Show Assistant Previews,View,View,Menu › View,reachable,ok
view_toggle_painting_assistants,Show Painting Assistants,View,View,Menu › View,reachable,ok
view_toggle_reference_images,Show Reference Images,View,View,Menu › View,reachable,ok
view_zoom_in,Zoom In,View,"View | View > Zoom, Rotate, and Mirror","Menu › View › Zoom, Rotate, and Mirror",reachable,ok
view_zoom_out,Zoom Out,View,"View | View > Zoom, Rotate, and Mirror","Menu › View › Zoom, Rotate, and Mirror",reachable,ok
wrap_around_h_axis,Wrap Around Horizontally,View,View > Wrap Around Mode Direction,Menu › View › Wrap Around Mode Direction,reachable,ok
wrap_around_hv_axis,Wrap Around Both Directions,View,View > Wrap Around Mode Direction,Menu › View › Wrap Around Mode Direction,reachable,ok
wrap_around_mode,Wrap Around Mode,View,View,Menu › View,reachable,ok
wrap_around_v_axis,Wrap Around Vertically,View,View > Wrap Around Mode Direction,Menu › View › Wrap Around Mode Direction,reachable,ok
zoom_to_100pct,Zoom to 100%,View,"View > Zoom, Rotate, and Mirror","Menu › View › Zoom, Rotate, and Mirror",reachable,ok
zoom_to_fit,Fit to View,View,"View > Zoom, Rotate, and Mirror","Menu › View › Zoom, Rotate, and Mirror",reachable,ok
zoom_to_fit_height,Fit to View Height,View,"View > Zoom, Rotate, and Mirror","Menu › View › Zoom, Rotate, and Mirror",reachable,ok
zoom_to_fit_width,Fit to View Width,View,"View > Zoom, Rotate, and Mirror","Menu › View › Zoom, Rotate, and Mirror",reachable,ok
show_wg_color_history,Show color history,WG Color Selector Actions,,Menu › All commands › WG Color Selector Actions,reachable,ok
show_wg_color_selector,Show wide-gamut color selector,WG Color Selector Actions,,Menu › All commands › WG Color Selector Actions,reachable,ok
show_wg_mypaint_selector,Show MyPaint shade selector,WG Color Selector Actions,,Menu › All commands › WG Color Selector Actions,reachable,ok
show_wg_shade_selector,Show wide-gamut shade selector,WG Color Selector Actions,,Menu › All commands › WG Color Selector Actions,reachable,ok
wgcs_darken_color,Make color darker,WG Color Selector Actions,,Menu › All commands › WG Color Selector Actions,reachable,ok
wgcs_decrease_saturation,Decrease color saturation,WG Color Selector Actions,,Menu › All commands › WG Color Selector Actions,reachable,ok
wgcs_increase_saturation,Increase color saturation,WG Color Selector Actions,,Menu › All commands › WG Color Selector Actions,reachable,ok
wgcs_lighten_color,Make color lighter,WG Color Selector Actions,,Menu › All commands › WG Color Selector Actions,reachable,ok
wgcs_shift_hue_clockwise,Shift hue clockwise,WG Color Selector Actions,,Menu › All commands › WG Color Selector Actions,reachable,ok
wgcs_shift_hue_counterclockwise,Shift hue counter-clockwise,WG Color Selector Actions,,Menu › All commands › WG Color Selector Actions,reachable,ok
view_newwindow,New Window,Window,,Menu › Window,reachable,skipped (opens a second main window)
windows_next,Next,Window,,Menu › Window,reachable,ok
windows_previous,Previous,Window,,Menu › Window,reachable,ok
composite_actions,,(code-defined),Toolbar: BrushesAndStuff,Menu › All commands › Other,reachable,ok
format_italic,,(code-defined),,,not created at runtime,
interpolation_bezier,,(code-defined),,Menu › All commands › Other,reachable,ok
interpolation_constant,,(code-defined),,Menu › All commands › Other,reachable,ok
interpolation_linear,,(code-defined),,Menu › All commands › Other,reachable,ok
tangents_sharp,,(code-defined),,Menu › All commands › Other,reachable,ok
tangents_smooth,,(code-defined),,Menu › All commands › Other,reachable,ok
zoom_to_fit_curve,,(code-defined),,Menu › All commands › Other,reachable,ok
zoom_to_fit_range,,(code-defined),,Menu › All commands › Other,reachable,ok
